{'receiver': 1246382666, 'sender': 1375928658, 'packet_type': '05', 'packet_number': 2}
{'receiver': 1246382666, 'sender': 1375928658, 'packet_type': '05', 'packet_number': 3}
{'receiver': 1246382666, 'sender': 1375928658, 'packet_type': '05', 'packet_number': 4}
{'receiver': 1246382666, 'sender': 1375928658, 'packet_type': '05', 'packet_number': 5}
{'receiver': 1246382666, 'sender': 1375928658, 'packet_type': '05', 'packet_number': 0}
+RX 14{'receiver': 1375928658, 'sender': 3254976792, 'packet_type': '41', 'comand': 190, 'time': 1615386706}
+RX 10{'receiver': 3254976792, 'sender': 1375928658, 'packet_type': '05', 'succes': True}
+RX 22{'receiver': 1375928658, 'sender': 3254976792, 'packet_type': '42', 'comand': 24, 'time': 1615386764, 'sleep_intervall': 3600, 'unknown': 0, 'heating': 600, 'unknown2': 45, 'unknown3': 2}
+RX 60{'receiver': 3254976792, 'sender': 1375928658, 'packet_type': '4d', 'packet_number': 2, 'time': 269, 'Tref_0 [d.n.]': 134250536, 'Theat_0 [d.n.]': 117473480, 'growth sensor [d.n]': 16797723, 'adc_bandgap [d.n.]': 16818234, 'number of bits': 17, 'Air relative humidity [%]': 221, 'Air temperature [10*° C]': 1088, 'g_z (mean)': 3744, 'g_z (std.dev)': -13905, 'g_y (mean)': -4032, 'g_y (std.dev)': 0, 'g_x (mean)': 0, 'g_x (std.dev)': 1792, 'Tref_1': 117469304, 'Theat_1': 251686981, 'StWC': 50684, 'adc_Vbat': 82877}
+RX 22{'receiver': 1375928658, 'sender': 3254976792, 'packet_type': '42', 'comand': 24, 'time': 1615389058, 'sleep_intervall': 3600, 'unknown': 0, 'heating': 600, 'unknown2': 45, 'unknown3': 2}
+RX 64{'receiver': 3254976792, 'sender': 1375928658, 'packet_type': '49', 'packet_number': 3, 'time': 269, 'AS7263_610': 23.741317749023438, 'AS7263_680': 35.73879623413086, 'AS7263_730': 84.3371353149414, 'AS7263_760': 92.45037078857422, 'AS7263_810': 116.80921173095703, 'AS7263_860': 112.86280822753906, 'AS7262_450': 81.74447631835938, 'AS7262_500': 77.77509307861328, 'AS7262_550': 57.6259880065918, 'AS7262_570': 56.19175720214844, 'AS7262_600': 46.51176834106445, 'AS7262_650': 45.39189910888672, 'integration_time': 50, 'gain': 3}
+RX 16{'receiver': 1375928658, 'sender': 3254976792, 'packet_type': '4a', 'comand': 82, 'time': 1615389065, 'integration_time': 50, 'gain': 3}
+RX 60{'receiver': 3254976792, 'sender': 1375928658, 'packet_type': '4d', 'packet_number': 4, 'time': 3600, 'Tref_0 [d.n.]': 2063597702, 'Theat_0 [d.n.]': 1459617927, 'growth sensor [d.n]': 973078710, 'adc_bandgap [d.n.]': 285212842, 'number of bits': 30, 'Air relative humidity [%]': 217, 'Air temperature [10*° C]': 16384, 'g_z (mean)': -7680, 'g_z (std.dev)': -27652, 'g_y (mean)': 15, 'g_y (std.dev)': 0, 'g_x (mean)': 0, 'g_x (std.dev)': 12288, 'Tref_1': 2080374918, 'Theat_1': 3959423062, 'StWC': 50668, 'adc_Vbat': 82851}
+RX 22{'receiver': 1375928658, 'sender': 3254976792, 'packet_type': '42', 'comand': 24, 'time': 1615389072, 'sleep_intervall': 3600, 'unknown': 0, 'heating': 600, 'unknown2': 45, 'unknown3': 2}
+RX 64{'receiver': 3254976792, 'sender': 1375928658, 'packet_type': '49', 'packet_number': 5, 'time': 3600, 'AS7263_610': 29.60274314880371, 'AS7263_680': 44.9208869934082, 'AS7263_730': 101.04171752929688, 'AS7263_760': 113.08133697509766, 'AS7263_810': 142.99472045898438, 'AS7263_860': 140.70567321777344, 'AS7262_450': 94.85777282714844, 'AS7262_500': 94.1622085571289, 'AS7262_550': 70.61962890625, 'AS7262_570': 69.8936538696289, 'AS7262_600': 57.301048278808594, 'AS7262_650': 56.632503509521484, 'integration_time': 50, 'gain': 3}
2021-03-11 15:56:58.126096: +RX 22{'receiver': 1375928658, 'sender': 3254976792, 'packet_type': '42', 'comand': 110, 'time': 1615474675, 'sleep_intervall': 3600, 'unknown': 0, 'heating': 600, 'unknown2': 45, 'unknown3': 2}
2021-03-11 16:09:53.112031: +RX 60{'receiver': 3254976792, 'sender': 1375928658, 'packet_type': '4d', 'packet_number': 1, 'time': 14400, 'Tref_0 [d.n.]': 34167, 'Theat_0 [d.n.]': 34298, 'growth sensor [d.n]': 47212, 'adc_bandgap [d.n.]': 43585, 'number of bits': 17, 'Air relative humidity [%]': 30, 'Air temperature [10*° C]': 226, 'g_z (mean)': 57, 'g_z (std.dev)': -803, 'g_y (mean)': 3986, 'g_y (std.dev)': 0, 'g_x (mean)': 0, 'g_x (std.dev)': 0, 'Tref_1': 34168, 'Theat_1': 22018, 'StWC': 50566, 'adc_Vbat': 82757}
2021-03-11 16:09:55.564664: +RX 22{'receiver': 1375928658, 'sender': 3254976792, 'packet_type': '42', 'comand': 110, 'time': 1615475452, 'sleep_intervall': 3600, 'unknown': 0, 'heating': 600, 'unknown2': 45, 'unknown3': 2}
2021-03-11 16:10:00.275829: +RX 64{'receiver': 3254976792, 'sender': 1375928658, 'packet_type': '49', 'packet_number': 2, 'time': 14400, 'AS7263_610': 18.378816604614258, 'AS7263_680': 27.292129516601562, 'AS7263_730': 61.32038879394531, 'AS7263_760': 71.54167175292969, 'AS7263_810': 89.65918731689453, 'AS7263_860': 89.9144287109375, 'AS7262_450': 57.78248977661133, 'AS7262_500': 58.02138137817383, 'AS7262_550': 44.12318420410156, 'AS7262_570': 43.44166564941406, 'AS7262_600': 35.866127014160156, 'AS7262_650': 34.97055435180664, 'integration_time': 50, 'gain': 3}
2021-03-11 16:10:02.118994: +RX 16{'receiver': 1375928658, 'sender': 3254976792, 'packet_type': '4a', 'comand': 82, 'time': 1615475459, 'integration_time': 50, 'gain': 3}
2021-03-11 16:10:07.034670: +RX 60{'receiver': 3254976792, 'sender': 1375928658, 'packet_type': '4d', 'packet_number': 3, 'time': 18000, 'Tref_0 [d.n.]': 34311, 'Theat_0 [d.n.]': 34423, 'growth sensor [d.n]': 47214, 'adc_bandgap [d.n.]': 43574, 'number of bits': 17, 'Air relative humidity [%]': 30, 'Air temperature [10*° C]': 223, 'g_z (mean)': 56, 'g_z (std.dev)': -804, 'g_y (mean)': 3986, 'g_y (std.dev)': 0, 'g_x (mean)': 0, 'g_x (std.dev)': 0, 'Tref_1': 34200, 'Theat_1': 22027, 'StWC': 50667, 'adc_Vbat': 82721}
2021-03-11 16:10:09.249115: +RX 22{'receiver': 1375928658, 'sender': 3254976792, 'packet_type': '42', 'comand': 110, 'time': 1615475466, 'sleep_intervall': 3600, 'unknown': 0, 'heating': 600, 'unknown2': 45, 'unknown3': 2}
2021-03-11 16:10:14.156579: +RX 64{'receiver': 3254976792, 'sender': 1375928658, 'packet_type': '49', 'packet_number': 4, 'time': 18000, 'AS7263_610': 32.91265106201172, 'AS7263_680': 51.09650802612305, 'AS7263_730': 106.09329223632812, 'AS7263_760': 117.71739196777344, 'AS7263_810': 146.77932739257812, 'AS7263_860': 146.22225952148438, 'AS7262_450': 102.90865325927734, 'AS7262_500': 106.29841613769531, 'AS7262_550': 77.49881744384766, 'AS7262_570': 77.83695220947266, 'AS7262_600': 62.27850341796875, 'AS7262_650': 63.275779724121094, 'integration_time': 50, 'gain': 3}
2021-03-11 16:10:16.046437: +RX 16{'receiver': 1375928658, 'sender': 3254976792, 'packet_type': '4a', 'comand': 82, 'time': 1615475473, 'integration_time': 50, 'gain': 3}
2021-03-11 16:10:20.757481: +RX 60{'receiver': 3254976792, 'sender': 1375928658, 'packet_type': '4d', 'packet_number': 5, 'time': 21600, 'Tref_0 [d.n.]': 34241, 'Theat_0 [d.n.]': 34310, 'growth sensor [d.n]': 47212, 'adc_bandgap [d.n.]': 43585, 'number of bits': 17, 'Air relative humidity [%]': 30, 'Air temperature [10*° C]': 223, 'g_z (mean)': 56, 'g_z (std.dev)': -805, 'g_y (mean)': 3985, 'g_y (std.dev)': 0, 'g_x (mean)': 0, 'g_x (std.dev)': 0, 'Tref_1': 34203, 'Theat_1': 21974, 'StWC': 50564, 'adc_Vbat': 82672}
2021-03-11 16:10:23.162302: +RX 22{'receiver': 1375928658, 'sender': 3254976792, 'packet_type': '42', 'comand': 110, 'time': 1615475480, 'sleep_intervall': 3600, 'unknown': 0, 'heating': 600, 'unknown2': 45, 'unknown3': 2}
2021-03-11 17:10:01.343627: +RX 64{'receiver': 3254976792, 'sender': 1375928658, 'packet_type': '49', 'packet_number': 6, 'time': 21600, 'AS7263_610': 28.83425521850586, 'AS7263_680': 45.427391052246094, 'AS7263_730': 95.83049774169922, 'AS7263_760': 106.12211608886719, 'AS7263_810': 134.50318908691406, 'AS7263_860': 134.3557891845703, 'AS7262_450': 88.66991424560547, 'AS7262_500': 91.10523986816406, 'AS7262_550': 66.93914031982422, 'AS7262_570': 67.23075866699219, 'AS7262_600': 54.5189094543457, 'AS7262_650': 56.1070556640625, 'integration_time': 50, 'gain': 3}
2021-03-11 17:10:03.180893: +RX 16{'receiver': 1375928658, 'sender': 3254976792, 'packet_type': '4a', 'comand': 82, 'time': 1615479060, 'integration_time': 50, 'gain': 3}
2021-03-11 17:10:08.096955: +RX 60{'receiver': 3254976792, 'sender': 1375928658, 'packet_type': '4d', 'packet_number': 7, 'time': 25201, 'Tref_0 [d.n.]': 34631, 'Theat_0 [d.n.]': 34743, 'growth sensor [d.n]': 47212, 'adc_bandgap [d.n.]': 43570, 'number of bits': 17, 'Air relative humidity [%]': 30, 'Air temperature [10*° C]': 219, 'g_z (mean)': 56, 'g_z (std.dev)': -806, 'g_y (mean)': 3985, 'g_y (std.dev)': 0, 'g_x (mean)': 0, 'g_x (std.dev)': 0, 'Tref_1': 34606, 'Theat_1': 22281, 'StWC': 50580, 'adc_Vbat': 82643}
2021-03-11 17:10:10.349784: +RX 22{'receiver': 1375928658, 'sender': 3254976792, 'packet_type': '42', 'comand': 110, 'time': 1615479067, 'sleep_intervall': 3600, 'unknown': 0, 'heating': 600, 'unknown2': 45, 'unknown3': 2}
2021-03-11 17:10:15.265701: +RX 64{'receiver': 3254976792, 'sender': 1375928658, 'packet_type': '49', 'packet_number': 8, 'time': 25201, 'AS7263_610': 9.038414001464844, 'AS7263_680': 13.44929313659668, 'AS7263_730': 30.79975128173828, 'AS7263_760': 37.57160186767578, 'AS7263_810': 47.07994079589844, 'AS7263_860': 47.839725494384766, 'AS7262_450': 26.212589263916016, 'AS7262_500': 27.1098690032959, 'AS7262_550': 21.5288028717041, 'AS7262_570': 20.88474464416504, 'AS7262_600': 18.005672454833984, 'AS7262_650': 17.42226791381836, 'integration_time': 50, 'gain': 3}
2021-03-11 17:10:17.108219: +RX 16{'receiver': 1375928658, 'sender': 3254976792, 'packet_type': '4a', 'comand': 82, 'time': 1615479074, 'integration_time': 50, 'gain': 3}
2021-03-11 17:10:21.820146: +RX 60{'receiver': 3254976792, 'sender': 1375928658, 'packet_type': '4d', 'packet_number': 9, 'time': 28800, 'Tref_0 [d.n.]': 34364, 'Theat_0 [d.n.]': 34434, 'growth sensor [d.n]': 47214, 'adc_bandgap [d.n.]': 43563, 'number of bits': 17, 'Air relative humidity [%]': 30, 'Air temperature [10*° C]': 221, 'g_z (mean)': 56, 'g_z (std.dev)': -807, 'g_y (mean)': 3985, 'g_y (std.dev)': 0, 'g_x (mean)': 0, 'g_x (std.dev)': 0, 'Tref_1': 34352, 'Theat_1': 22120, 'StWC': 50675, 'adc_Vbat': 82620}
2021-03-11 17:10:24.277032: +RX 22{'receiver': 1375928658, 'sender': 3254976792, 'packet_type': '42', 'comand': 110, 'time': 1615479081, 'sleep_intervall': 3600, 'unknown': 0, 'heating': 600, 'unknown2': 45, 'unknown3': 2}
2021-03-11 18:10:00.770315: +RX 64{'receiver': 3254976792, 'sender': 1375928658, 'packet_type': '49', 'packet_number': 10, 'time': 28800, 'AS7263_610': 26.55067253112793, 'AS7263_680': 42.97589874267578, 'AS7263_730': 85.56368255615234, 'AS7263_760': 92.62138366699219, 'AS7263_810': 116.78871154785156, 'AS7263_860': 116.63782501220703, 'AS7262_450': 75.74988555908203, 'AS7262_500': 81.7459945678711, 'AS7262_550': 60.76421356201172, 'AS7262_570': 61.14689636230469, 'AS7262_600': 50.33038330078125, 'AS7262_650': 53.42704391479492, 'integration_time': 50, 'gain': 3}
2021-03-11 18:10:02.606085: +RX 16{'receiver': 1375928658, 'sender': 3254976792, 'packet_type': '4a', 'comand': 82, 'time': 1615482660, 'integration_time': 50, 'gain': 3}
2021-03-11 18:10:07.523965: +RX 60{'receiver': 3254976792, 'sender': 1375928658, 'packet_type': '4d', 'packet_number': 11, 'time': 32400, 'Tref_0 [d.n.]': 34248, 'Theat_0 [d.n.]': 34297, 'growth sensor [d.n]': 47213, 'adc_bandgap [d.n.]': 43575, 'number of bits': 17, 'Air relative humidity [%]': 30, 'Air temperature [10*° C]': 226, 'g_z (mean)': 55, 'g_z (std.dev)': -809, 'g_y (mean)': 3985, 'g_y (std.dev)': 0, 'g_x (mean)': 0, 'g_x (std.dev)': 0, 'Tref_1': 34177, 'Theat_1': 22020, 'StWC': 50672, 'adc_Vbat': 82593}
2021-03-11 18:10:09.777023: +RX 22{'receiver': 1375928658, 'sender': 3254976792, 'packet_type': '42', 'comand': 110, 'time': 1615482666, 'sleep_intervall': 3600, 'unknown': 0, 'heating': 600, 'unknown2': 45, 'unknown3': 2}
2021-03-11 18:10:14.696661: +RX 64{'receiver': 3254976792, 'sender': 1375928658, 'packet_type': '49', 'packet_number': 12, 'time': 32400, 'AS7263_610': 27.634868621826172, 'AS7263_680': 49.263702392578125, 'AS7263_730': 105.87308502197266, 'AS7263_760': 112.55309295654297, 'AS7263_810': 141.8615264892578, 'AS7263_860': 140.01722717285156, 'AS7262_450': 69.65154266357422, 'AS7262_500': 80.3534927368164, 'AS7262_550': 64.72203826904297, 'AS7262_570': 63.38477325439453, 'AS7262_600': 54.777549743652344, 'AS7262_650': 61.6717643737793, 'integration_time': 50, 'gain': 3}
2021-03-11 18:10:16.363994: +RX 16{'receiver': 1375928658, 'sender': 3254976792, 'packet_type': '4a', 'comand': 82, 'time': 1615482673, 'integration_time': 50, 'gain': 3}
2021-03-11 18:10:21.246995: +RX 60{'receiver': 3254976792, 'sender': 1375928658, 'packet_type': '4d', 'packet_number': 13, 'time': 36000, 'Tref_0 [d.n.]': 34637, 'Theat_0 [d.n.]': 34686, 'growth sensor [d.n]': 47211, 'adc_bandgap [d.n.]': 43564, 'number of bits': 17, 'Air relative humidity [%]': 30, 'Air temperature [10*° C]': 221, 'g_z (mean)': 55, 'g_z (std.dev)': -810, 'g_y (mean)': 3984, 'g_y (std.dev)': 0, 'g_x (mean)': 0, 'g_x (std.dev)': 0, 'Tref_1': 34614, 'Theat_1': 22336, 'StWC': 50691, 'adc_Vbat': 82545}
2021-03-11 18:10:23.703170: +RX 22{'receiver': 1375928658, 'sender': 3254976792, 'packet_type': '42', 'comand': 110, 'time': 1615482680, 'sleep_intervall': 3600, 'unknown': 0, 'heating': 600, 'unknown2': 45, 'unknown3': 2}
2021-03-11 19:10:01.290029: +RX 64{'receiver': 3254976792, 'sender': 1375928658, 'packet_type': '49', 'packet_number': 14, 'time': 36000, 'AS7263_610': 2.9164962768554688, 'AS7263_680': 5.70281457901001, 'AS7263_730': 11.985174179077148, 'AS7263_760': 12.687949180603027, 'AS7263_810': 15.412732124328613, 'AS7263_860': 14.844555854797363, 'AS7262_450': 9.898903846740723, 'AS7262_500': 10.404922485351562, 'AS7262_550': 7.345293998718262, 'AS7262_570': 6.809055328369141, 'AS7262_600': 5.791499137878418, 'AS7262_650': 6.770594596862793, 'integration_time': 50, 'gain': 3}
2021-03-11 19:10:03.127599: +RX 16{'receiver': 1375928658, 'sender': 3254976792, 'packet_type': '4a', 'comand': 82, 'time': 1615486260, 'integration_time': 50, 'gain': 3}
2021-03-11 19:10:07.757166: +RX 60{'receiver': 3254976792, 'sender': 1375928658, 'packet_type': '4d', 'packet_number': 15, 'time': 39600, 'Tref_0 [d.n.]': 34919, 'Theat_0 [d.n.]': 35004, 'growth sensor [d.n]': 47211, 'adc_bandgap [d.n.]': 43557, 'number of bits': 17, 'Air relative humidity [%]': 30, 'Air temperature [10*° C]': 215, 'g_z (mean)': 55, 'g_z (std.dev)': -811, 'g_y (mean)': 3984, 'g_y (std.dev)': 0, 'g_x (mean)': 0, 'g_x (std.dev)': 0, 'Tref_1': 34861, 'Theat_1': 22526, 'StWC': 50593, 'adc_Vbat': 82517}
2021-03-11 19:10:10.296133: +RX 22{'receiver': 1375928658, 'sender': 3254976792, 'packet_type': '42', 'comand': 110, 'time': 1615486267, 'sleep_intervall': 3600, 'unknown': 0, 'heating': 600, 'unknown2': 45, 'unknown3': 2}
2021-03-11 19:10:15.007609: +RX 64{'receiver': 3254976792, 'sender': 1375928658, 'packet_type': '49', 'packet_number': 16, 'time': 39600, 'AS7263_610': 0.0, 'AS7263_680': 0.0, 'AS7263_730': 0.0, 'AS7263_760': 0.0, 'AS7263_810': 0.0, 'AS7263_860': 0.0, 'AS7262_450': 0.0, 'AS7262_500': 0.0, 'AS7262_550': 0.0, 'AS7262_570': 0.0, 'AS7262_600': 0.0, 'AS7262_650': 0.0, 'integration_time': 50, 'gain': 3}
2021-03-11 19:10:16.748595: +RX 16{'receiver': 1375928658, 'sender': 3254976792, 'packet_type': '4a', 'comand': 82, 'time': 1615486274, 'integration_time': 50, 'gain': 3}
2021-03-11 19:10:21.561934: +RX 60{'receiver': 3254976792, 'sender': 1375928658, 'packet_type': '4d', 'packet_number': 17, 'time': 43200, 'Tref_0 [d.n.]': 35082, 'Theat_0 [d.n.]': 35135, 'growth sensor [d.n]': 47211, 'adc_bandgap [d.n.]': 43548, 'number of bits': 17, 'Air relative humidity [%]': 30, 'Air temperature [10*° C]': 212, 'g_z (mean)': 55, 'g_z (std.dev)': -812, 'g_y (mean)': 3984, 'g_y (std.dev)': 0, 'g_x (mean)': 0, 'g_x (std.dev)': 0, 'Tref_1': 34999, 'Theat_1': 22593, 'StWC': 50701, 'adc_Vbat': 82500}
2021-03-11 19:10:24.022662: +RX 22{'receiver': 1375928658, 'sender': 3254976792, 'packet_type': '42', 'comand': 110, 'time': 1615486280, 'sleep_intervall': 3600, 'unknown': 0, 'heating': 600, 'unknown2': 45, 'unknown3': 2}
2021-03-11 20:10:01.331663: +RX 64{'receiver': 3254976792, 'sender': 1375928658, 'packet_type': '49', 'packet_number': 18, 'time': 43200, 'AS7263_610': 0.0, 'AS7263_680': 0.0, 'AS7263_730': 0.0, 'AS7263_760': 0.0, 'AS7263_810': 0.0, 'AS7263_860': 0.0, 'AS7262_450': 0.0, 'AS7262_500': 0.0, 'AS7262_550': 0.0, 'AS7262_570': 0.0, 'AS7262_600': 0.0, 'AS7262_650': 0.0, 'integration_time': 50, 'gain': 3}
2021-03-11 20:10:03.169688: +RX 16{'receiver': 1375928658, 'sender': 3254976792, 'packet_type': '4a', 'comand': 82, 'time': 1615489860, 'integration_time': 50, 'gain': 3}
2021-03-11 20:10:07.881648: +RX 60{'receiver': 3254976792, 'sender': 1375928658, 'packet_type': '4d', 'packet_number': 19, 'time': 46800, 'Tref_0 [d.n.]': 35143, 'Theat_0 [d.n.]': 35199, 'growth sensor [d.n]': 47211, 'adc_bandgap [d.n.]': 43542, 'number of bits': 17, 'Air relative humidity [%]': 30, 'Air temperature [10*° C]': 211, 'g_z (mean)': 55, 'g_z (std.dev)': -812, 'g_y (mean)': 3985, 'g_y (std.dev)': 0, 'g_x (mean)': 0, 'g_x (std.dev)': 0, 'Tref_1': 35066, 'Theat_1': 22650, 'StWC': 50703, 'adc_Vbat': 82477}
2021-03-11 20:10:10.338480: +RX 22{'receiver': 1375928658, 'sender': 3254976792, 'packet_type': '42', 'comand': 110, 'time': 1615489867, 'sleep_intervall': 3600, 'unknown': 0, 'heating': 600, 'unknown2': 45, 'unknown3': 2}
2021-03-11 20:10:15.053932: +RX 64{'receiver': 3254976792, 'sender': 1375928658, 'packet_type': '49', 'packet_number': 20, 'time': 46800, 'AS7263_610': 0.0, 'AS7263_680': 0.0, 'AS7263_730': 0.0, 'AS7263_760': 0.0, 'AS7263_810': 0.0, 'AS7263_860': 0.0, 'AS7262_450': 0.0, 'AS7262_500': 0.0, 'AS7262_550': 0.0, 'AS7262_570': 0.0, 'AS7262_600': 0.0, 'AS7262_650': 0.0, 'integration_time': 50, 'gain': 3}
2021-03-11 20:10:16.892345: +RX 16{'receiver': 1375928658, 'sender': 3254976792, 'packet_type': '4a', 'comand': 82, 'time': 1615489874, 'integration_time': 50, 'gain': 3}
2021-03-11 20:10:21.808545: +RX 60{'receiver': 3254976792, 'sender': 1375928658, 'packet_type': '4d', 'packet_number': 21, 'time': 50401, 'Tref_0 [d.n.]': 35186, 'Theat_0 [d.n.]': 35258, 'growth sensor [d.n]': 47377, 'adc_bandgap [d.n.]': 43540, 'number of bits': 17, 'Air relative humidity [%]': 30, 'Air temperature [10*° C]': 210, 'g_z (mean)': 56, 'g_z (std.dev)': -812, 'g_y (mean)': 3985, 'g_y (std.dev)': 0, 'g_x (mean)': 0, 'g_x (std.dev)': 0, 'Tref_1': 35074, 'Theat_1': 22659, 'StWC': 50705, 'adc_Vbat': 82434}
2021-03-11 21:10:03.218294: +RX 16{'receiver': 1375928658, 'sender': 3254976792, 'packet_type': '4a', 'comand': 82, 'time': 1615493460, 'integration_time': 50, 'gain': 3}
2021-03-11 21:10:07.924275: +RX 60{'receiver': 3254976792, 'sender': 1375928658, 'packet_type': '4d', 'packet_number': 23, 'time': 54000, 'Tref_0 [d.n.]': 35192, 'Theat_0 [d.n.]': 35266, 'growth sensor [d.n]': 47921, 'adc_bandgap [d.n.]': 43544, 'number of bits': 17, 'Air relative humidity [%]': 30, 'Air temperature [10*° C]': 209, 'g_z (mean)': 56, 'g_z (std.dev)': -813, 'g_y (mean)': 3984, 'g_y (std.dev)': 0, 'g_x (mean)': 0, 'g_x (std.dev)': 0, 'Tref_1': 35128, 'Theat_1': 22662, 'StWC': 50703, 'adc_Vbat': 82391}
2021-03-11 21:10:10.299768: +RX 22{'receiver': 1375928658, 'sender': 3254976792, 'packet_type': '42', 'comand': 110, 'time': 1615493467, 'sleep_intervall': 3600, 'unknown': 0, 'heating': 600, 'unknown2': 45, 'unknown3': 2}
2021-03-11 21:10:15.092392: +RX 64{'receiver': 3254976792, 'sender': 1375928658, 'packet_type': '49', 'packet_number': 24, 'time': 54000, 'AS7263_610': 0.0, 'AS7263_680': 0.0, 'AS7263_730': 0.0, 'AS7263_760': 0.0, 'AS7263_810': 0.0, 'AS7263_860': 0.0, 'AS7262_450': 0.0, 'AS7262_500': 0.0, 'AS7262_550': 0.0, 'AS7262_570': 0.0, 'AS7262_600': 0.0, 'AS7262_650': 0.0, 'integration_time': 50, 'gain': 3}
2021-03-11 21:10:16.935211: +RX 16{'receiver': 1375928658, 'sender': 3254976792, 'packet_type': '4a', 'comand': 82, 'time': 1615493474, 'integration_time': 50, 'gain': 3}
2021-03-11 21:10:21.647493: +RX 60{'receiver': 3254976792, 'sender': 1375928658, 'packet_type': '4d', 'packet_number': 25, 'time': 57600, 'Tref_0 [d.n.]': 35254, 'Theat_0 [d.n.]': 35319, 'growth sensor [d.n]': 47924, 'adc_bandgap [d.n.]': 43548, 'number of bits': 17, 'Air relative humidity [%]': 30, 'Air temperature [10*° C]': 209, 'g_z (mean)': 56, 'g_z (std.dev)': -813, 'g_y (mean)': 3984, 'g_y (std.dev)': 0, 'g_x (mean)': 0, 'g_x (std.dev)': 0, 'Tref_1': 35137, 'Theat_1': 22716, 'StWC': 50602, 'adc_Vbat': 82385}
2021-03-11 21:10:24.103478: +RX 22{'receiver': 1375928658, 'sender': 3254976792, 'packet_type': '42', 'comand': 110, 'time': 1615493480, 'sleep_intervall': 3600, 'unknown': 0, 'heating': 600, 'unknown2': 45, 'unknown3': 2}
2021-03-11 22:10:03.053829: +RX 16{'receiver': 1375928658, 'sender': 3254976792, 'packet_type': '4a', 'comand': 82, 'time': 1615497060, 'integration_time': 50, 'gain': 3}
2021-03-11 22:10:07.762219: +RX 60{'receiver': 3254976792, 'sender': 1375928658, 'packet_type': '4d', 'packet_number': 27, 'time': 61200, 'Tref_0 [d.n.]': 35254, 'Theat_0 [d.n.]': 35324, 'growth sensor [d.n]': 47919, 'adc_bandgap [d.n.]': 43542, 'number of bits': 17, 'Air relative humidity [%]': 30, 'Air temperature [10*° C]': 208, 'g_z (mean)': 56, 'g_z (std.dev)': -813, 'g_y (mean)': 3984, 'g_y (std.dev)': 0, 'g_x (mean)': 0, 'g_x (std.dev)': 0, 'Tref_1': 35129, 'Theat_1': 22714, 'StWC': 50603, 'adc_Vbat': 82359}
2021-03-11 22:10:10.218843: +RX 22{'receiver': 1375928658, 'sender': 3254976792, 'packet_type': '42', 'comand': 110, 'time': 1615497066, 'sleep_intervall': 3600, 'unknown': 0, 'heating': 600, 'unknown2': 45, 'unknown3': 2}
2021-03-11 22:10:14.930798: +RX 64{'receiver': 3254976792, 'sender': 1375928658, 'packet_type': '49', 'packet_number': 28, 'time': 61200, 'AS7263_610': 0.0, 'AS7263_680': 0.0, 'AS7263_730': 0.0, 'AS7263_760': 0.0, 'AS7263_810': 0.0, 'AS7263_860': 0.0, 'AS7262_450': 0.0, 'AS7262_500': 0.0, 'AS7262_550': 0.0, 'AS7262_570': 0.0, 'AS7262_600': 0.0, 'AS7262_650': 0.0, 'integration_time': 50, 'gain': 3}
2021-03-11 22:10:16.772727: +RX 16{'receiver': 1375928658, 'sender': 3254976792, 'packet_type': '4a', 'comand': 82, 'time': 1615497074, 'integration_time': 50, 'gain': 3}
2021-03-11 22:10:21.491777: +RX 60{'receiver': 3254976792, 'sender': 1375928658, 'packet_type': '4d', 'packet_number': 29, 'time': 64800, 'Tref_0 [d.n.]': 35244, 'Theat_0 [d.n.]': 35325, 'growth sensor [d.n]': 47904, 'adc_bandgap [d.n.]': 43530, 'number of bits': 17, 'Air relative humidity [%]': 30, 'Air temperature [10*° C]': 208, 'g_z (mean)': 56, 'g_z (std.dev)': -813, 'g_y (mean)': 3984, 'g_y (std.dev)': 0, 'g_x (mean)': 0, 'g_x (std.dev)': 0, 'Tref_1': 35148, 'Theat_1': 22715, 'StWC': 50703, 'adc_Vbat': 82325}
2021-03-11 23:09:59.503314: +RX 60{'receiver': 3254976792, 'sender': 1375928658, 'packet_type': '4d', 'packet_number': 30, 'time': 64800, 'Tref_0 [d.n.]': 35244, 'Theat_0 [d.n.]': 35325, 'growth sensor [d.n]': 47904, 'adc_bandgap [d.n.]': 43530, 'number of bits': 17, 'Air relative humidity [%]': 30, 'Air temperature [10*° C]': 208, 'g_z (mean)': 56, 'g_z (std.dev)': -813, 'g_y (mean)': 3984, 'g_y (std.dev)': 0, 'g_x (mean)': 0, 'g_x (std.dev)': 0, 'Tref_1': 35148, 'Theat_1': 22715, 'StWC': 50703, 'adc_Vbat': 82325}
2021-03-11 23:10:01.863925: +RX 22{'receiver': 1375928658, 'sender': 3254976792, 'packet_type': '42', 'comand': 110, 'time': 1615497080, 'sleep_intervall': 3600, 'unknown': 0, 'heating': 600, 'unknown2': 45, 'unknown3': 2}
2021-03-12 00:09:37.742762: +RX 64{'receiver': 3254976792, 'sender': 1375928658, 'packet_type': '49', 'packet_number': 31, 'time': 64800, 'AS7263_610': 0.0, 'AS7263_680': 0.0, 'AS7263_730': 0.0, 'AS7263_760': 0.0, 'AS7263_810': 0.0, 'AS7263_860': 0.0, 'AS7262_450': 0.0, 'AS7262_500': 0.0, 'AS7262_550': 0.0, 'AS7262_570': 0.0, 'AS7262_600': 0.0, 'AS7262_650': 0.0, 'integration_time': 50, 'gain': 3}
2021-03-12 00:09:39.581921: +RX 16{'receiver': 1375928658, 'sender': 3254976792, 'packet_type': '4a', 'comand': 82, 'time': 1615504236, 'integration_time': 50, 'gain': 3}
2021-03-12 00:09:44.187422: +RX 60{'receiver': 3254976792, 'sender': 1375928658, 'packet_type': '4d', 'packet_number': 32, 'time': 68400, 'Tref_0 [d.n.]': 35262, 'Theat_0 [d.n.]': 35325, 'growth sensor [d.n]': 47922, 'adc_bandgap [d.n.]': 43539, 'number of bits': 17, 'Air relative humidity [%]': 30, 'Air temperature [10*° C]': 208, 'g_z (mean)': 56, 'g_z (std.dev)': -813, 'g_y (mean)': 3984, 'g_y (std.dev)': 0, 'g_x (mean)': 0, 'g_x (std.dev)': 0, 'Tref_1': 35146, 'Theat_1': 22710, 'StWC': 50705, 'adc_Vbat': 82299}
2021-03-12 00:09:46.750360: +RX 22{'receiver': 1375928658, 'sender': 3254976792, 'packet_type': '42', 'comand': 110, 'time': 1615504243, 'sleep_intervall': 3600, 'unknown': 0, 'heating': 600, 'unknown2': 45, 'unknown3': 2}
2021-03-12 00:09:51.462322: +RX 64{'receiver': 3254976792, 'sender': 1375928658, 'packet_type': '49', 'packet_number': 33, 'time': 68400, 'AS7263_610': 0.0, 'AS7263_680': 0.0, 'AS7263_730': 0.0, 'AS7263_760': 0.0, 'AS7263_810': 0.0, 'AS7263_860': 0.0, 'AS7262_450': 0.0, 'AS7262_500': 0.0, 'AS7262_550': 0.0, 'AS7262_570': 0.0, 'AS7262_600': 0.0, 'AS7262_650': 0.0, 'integration_time': 50, 'gain': 3}
2021-03-12 00:09:53.178453: +RX 16{'receiver': 1375928658, 'sender': 3254976792, 'packet_type': '4a', 'comand': 82, 'time': 1615504250, 'integration_time': 50, 'gain': 3}
2021-03-12 00:09:57.979156: +RX 60{'receiver': 3254976792, 'sender': 1375928658, 'packet_type': '4d', 'packet_number': 34, 'time': 72000, 'Tref_0 [d.n.]': 35224, 'Theat_0 [d.n.]': 35270, 'growth sensor [d.n]': 47921, 'adc_bandgap [d.n.]': 43540, 'number of bits': 17, 'Air relative humidity [%]': 30, 'Air temperature [10*° C]': 209, 'g_z (mean)': 56, 'g_z (std.dev)': -813, 'g_y (mean)': 3984, 'g_y (std.dev)': 0, 'g_x (mean)': 0, 'g_x (std.dev)': 0, 'Tref_1': 35106, 'Theat_1': 22659, 'StWC': 50704, 'adc_Vbat': 82270}
2021-03-12 00:10:00.430179: +RX 22{'receiver': 1375928658, 'sender': 3254976792, 'packet_type': '42', 'comand': 110, 'time': 1615504257, 'sleep_intervall': 3600, 'unknown': 0, 'heating': 600, 'unknown2': 45, 'unknown3': 2}
2021-03-12 00:10:07.027780: +RX 16{'receiver': 1375928658, 'sender': 3254976792, 'packet_type': '4a', 'comand': 82, 'time': 1615504264, 'integration_time': 50, 'gain': 3}
2021-03-12 00:10:11.946025: +RX 60{'receiver': 3254976792, 'sender': 1375928658, 'packet_type': '4d', 'packet_number': 36, 'time': 75601, 'Tref_0 [d.n.]': 35131, 'Theat_0 [d.n.]': 35207, 'growth sensor [d.n]': 47923, 'adc_bandgap [d.n.]': 43539, 'number of bits': 17, 'Air relative humidity [%]': 30, 'Air temperature [10*° C]': 209, 'g_z (mean)': 56, 'g_z (std.dev)': -813, 'g_y (mean)': 3984, 'g_y (std.dev)': 0, 'g_x (mean)': 0, 'g_x (std.dev)': 0, 'Tref_1': 35040, 'Theat_1': 22617, 'StWC': 50695, 'adc_Vbat': 82256}
2021-03-12 00:10:14.200659: +RX 22{'receiver': 1375928658, 'sender': 3254976792, 'packet_type': '42', 'comand': 110, 'time': 1615504270, 'sleep_intervall': 3600, 'unknown': 0, 'heating': 600, 'unknown2': 45, 'unknown3': 2}
2021-03-12 00:10:19.116692: +RX 64{'receiver': 3254976792, 'sender': 1375928658, 'packet_type': '49', 'packet_number': 37, 'time': 75601, 'AS7263_610': 5.356103897094727, 'AS7263_680': 8.779557228088379, 'AS7263_730': 19.31917953491211, 'AS7263_760': 22.484535217285156, 'AS7263_810': 28.53253173828125, 'AS7263_860': 28.85685157775879, 'AS7262_450': 17.955665588378906, 'AS7262_500': 18.05354118347168, 'AS7262_550': 13.168911933898926, 'AS7262_570': 12.821146011352539, 'AS7262_600': 10.486123085021973, 'AS7262_650': 10.613545417785645, 'integration_time': 50, 'gain': 3}
2021-03-12 00:10:20.954490: +RX 16{'receiver': 1375928658, 'sender': 3254976792, 'packet_type': '4a', 'comand': 82, 'time': 1615504277, 'integration_time': 50, 'gain': 3}
2021-03-12 00:10:25.666346: +RX 60{'receiver': 3254976792, 'sender': 1375928658, 'packet_type': '4d', 'packet_number': 38, 'time': 79200, 'Tref_0 [d.n.]': 35222, 'Theat_0 [d.n.]': 35334, 'growth sensor [d.n]': 48688, 'adc_bandgap [d.n.]': 43543, 'number of bits': 17, 'Air relative humidity [%]': 30, 'Air temperature [10*° C]': 209, 'g_z (mean)': -59, 'g_z (std.dev)': 35, 'g_y (mean)': 4084, 'g_y (std.dev)': 0, 'g_x (mean)': 0, 'g_x (std.dev)': 0, 'Tref_1': 34980, 'Theat_1': 23995, 'StWC': 50582, 'adc_Vbat': 82231}
2021-03-12 00:10:28.126281: +RX 22{'receiver': 1375928658, 'sender': 3254976792, 'packet_type': '42', 'comand': 110, 'time': 1615504284, 'sleep_intervall': 3600, 'unknown': 0, 'heating': 600, 'unknown2': 45, 'unknown3': 2}
2021-03-12 01:10:01.335627: +RX 64{'receiver': 3254976792, 'sender': 1375928658, 'packet_type': '49', 'packet_number': 39, 'time': 79200, 'AS7263_610': 8.835874557495117, 'AS7263_680': 23.754613876342773, 'AS7263_730': 32.74870300292969, 'AS7263_760': 35.87528610229492, 'AS7263_810': 43.16367721557617, 'AS7263_860': 45.355995178222656, 'AS7262_450': 30.734851837158203, 'AS7262_500': 33.544620513916016, 'AS7262_550': 22.62195587158203, 'AS7262_570': 19.76653480529785, 'AS7262_600': 16.457958221435547, 'AS7262_650': 21.029762268066406, 'integration_time': 50, 'gain': 3}
2021-03-12 01:10:15.262340: +RX 64{'receiver': 3254976792, 'sender': 1375928658, 'packet_type': '49', 'packet_number': 40, 'time': 79200, 'AS7263_610': 8.835874557495117, 'AS7263_680': 23.754613876342773, 'AS7263_730': 32.74870300292969, 'AS7263_760': 35.87528610229492, 'AS7263_810': 43.16367721557617, 'AS7263_860': 45.355995178222656, 'AS7262_450': 30.734851837158203, 'AS7262_500': 33.544620513916016, 'AS7262_550': 22.62195587158203, 'AS7262_570': 19.76653480529785, 'AS7262_600': 16.457958221435547, 'AS7262_650': 21.029762268066406, 'integration_time': 50, 'gain': 3}
2021-03-12 01:10:16.900192: +RX 16{'receiver': 1375928658, 'sender': 3254976792, 'packet_type': '4a', 'comand': 82, 'time': 1615507860, 'integration_time': 50, 'gain': 3}
2021-03-12 01:10:21.816500: +RX 60{'receiver': 3254976792, 'sender': 1375928658, 'packet_type': '4d', 'packet_number': 41, 'time': 82800, 'Tref_0 [d.n.]': 34294, 'Theat_0 [d.n.]': 33725, 'growth sensor [d.n]': 27908, 'adc_bandgap [d.n.]': 43542, 'number of bits': 17, 'Air relative humidity [%]': 30, 'Air temperature [10*° C]': 213, 'g_z (mean)': 2580, 'g_z (std.dev)': -2877, 'g_y (mean)': 998, 'g_y (std.dev)': 385, 'g_x (mean)': 385, 'g_x (std.dev)': 385, 'Tref_1': 34314, 'Theat_1': 23611, 'StWC': 50664, 'adc_Vbat': 82176}
2021-03-12 01:10:24.273647: +RX 22{'receiver': 1375928658, 'sender': 3254976792, 'packet_type': '42', 'comand': 110, 'time': 1615507880, 'sleep_intervall': 3600, 'unknown': 0, 'heating': 600, 'unknown2': 45, 'unknown3': 2}
2021-03-12 02:10:00.972468: +RX 64{'receiver': 3254976792, 'sender': 1375928658, 'packet_type': '49', 'packet_number': 42, 'time': 82800, 'AS7263_610': 0.0, 'AS7263_680': 0.0, 'AS7263_730': 0.8457865118980408, 'AS7263_760': 1.2464271783828735, 'AS7263_810': 1.230954647064209, 'AS7263_860': 1.0083677768707275, 'AS7262_450': 0.0, 'AS7262_500': 0.0010285634780302644, 'AS7262_550': 0.0009001658181659877, 'AS7262_570': 0.5890552997589111, 'AS7262_600': 0.0, 'AS7262_650': 0.0, 'integration_time': 50, 'gain': 3}
2021-03-12 02:10:02.811488: +RX 16{'receiver': 1375928658, 'sender': 3254976792, 'packet_type': '4a', 'comand': 82, 'time': 1615511459, 'integration_time': 50, 'gain': 3}
2021-03-12 02:10:07.522357: +RX 60{'receiver': 3254976792, 'sender': 1375928658, 'packet_type': '4d', 'packet_number': 43, 'time': 254, 'Tref_0 [d.n.]': 35419, 'Theat_0 [d.n.]': 35453, 'growth sensor [d.n]': 11781, 'adc_bandgap [d.n.]': 43574, 'number of bits': 17, 'Air relative humidity [%]': 39, 'Air temperature [10*° C]': 227, 'g_z (mean)': -164, 'g_z (std.dev)': 98, 'g_y (mean)': 4084, 'g_y (std.dev)': 0, 'g_x (mean)': 0, 'g_x (std.dev)': 0, 'Tref_1': 35122, 'Theat_1': 25665, 'StWC': 50572, 'adc_Vbat': 82125}
2021-03-12 02:10:09.979375: +RX 22{'receiver': 1375928658, 'sender': 3254976792, 'packet_type': '42', 'comand': 110, 'time': 1615511466, 'sleep_intervall': 3600, 'unknown': 0, 'heating': 600, 'unknown2': 45, 'unknown3': 2}
2021-03-12 02:10:14.691340: +RX 64{'receiver': 3254976792, 'sender': 1375928658, 'packet_type': '49', 'packet_number': 44, 'time': 254, 'AS7263_610': 653.7116088867188, 'AS7263_680': 708.7772216796875, 'AS7263_730': 654.1058959960938, 'AS7263_760': 720.1712646484375, 'AS7263_810': 774.0145263671875, 'AS7263_860': 858.5377807617188, 'AS7262_450': 1188.5560302734375, 'AS7262_500': 1512.9296875, 'AS7262_550': 1329.4033203125, 'AS7262_570': 1336.6468505859375, 'AS7262_600': 1254.802001953125, 'AS7262_650': 1239.34326171875, 'integration_time': 50, 'gain': 3}
2021-03-12 02:10:16.534112: +RX 16{'receiver': 1375928658, 'sender': 3254976792, 'packet_type': '4a', 'comand': 82, 'time': 1615511473, 'integration_time': 50, 'gain': 3}
2021-03-12 02:10:21.449617: +RX 60{'receiver': 3254976792, 'sender': 1375928658, 'packet_type': '4d', 'packet_number': 45, 'time': 256, 'Tref_0 [d.n.]': 34751, 'Theat_0 [d.n.]': 34813, 'growth sensor [d.n]': 40679, 'adc_bandgap [d.n.]': 43647, 'number of bits': 17, 'Air relative humidity [%]': 45, 'Air temperature [10*° C]': 229, 'g_z (mean)': -130, 'g_z (std.dev)': 36, 'g_y (mean)': 4091, 'g_y (std.dev)': 0, 'g_x (mean)': 0, 'g_x (std.dev)': 0, 'Tref_1': 34727, 'Theat_1': 23610, 'StWC': 50524, 'adc_Vbat': 70563}
2021-03-12 02:10:23.702538: +RX 22{'receiver': 1375928658, 'sender': 3254976792, 'packet_type': '42', 'comand': 110, 'time': 1615511480, 'sleep_intervall': 3600, 'unknown': 0, 'heating': 600, 'unknown2': 45, 'unknown3': 2}
2021-03-12 03:10:00.406685: +RX 64{'receiver': 3254976792, 'sender': 1375928658, 'packet_type': '49', 'packet_number': 46, 'time': 256, 'AS7263_610': 434.7243957519531, 'AS7263_680': 364.6729736328125, 'AS7263_730': 309.2410888671875, 'AS7263_760': 276.45611572265625, 'AS7263_810': 324.60675048828125, 'AS7263_860': 326.2012939453125, 'AS7262_450': 927.1431884765625, 'AS7262_500': 925.4930419921875, 'AS7262_550': 907.1820678710938, 'AS7262_570': 796.4979858398438, 'AS7262_600': 960.156005859375, 'AS7262_650': 807.0206298828125, 'integration_time': 50, 'gain': 3}
2021-03-12 03:10:02.240081: +RX 16{'receiver': 1375928658, 'sender': 3254976792, 'packet_type': '4a', 'comand': 82, 'time': 1615515059, 'integration_time': 50, 'gain': 3}
2021-03-12 03:10:07.155934: +RX 60{'receiver': 3254976792, 'sender': 1375928658, 'packet_type': '4d', 'packet_number': 47, 'time': 254, 'Tref_0 [d.n.]': 33903, 'Theat_0 [d.n.]': 34501, 'growth sensor [d.n]': 15601, 'adc_bandgap [d.n.]': 43647, 'number of bits': 17, 'Air relative humidity [%]': 39, 'Air temperature [10*° C]': 237, 'g_z (mean)': -129, 'g_z (std.dev)': 15, 'g_y (mean)': 4092, 'g_y (std.dev)': 0, 'g_x (mean)': 0, 'g_x (std.dev)': 0, 'Tref_1': 34086, 'Theat_1': 22856, 'StWC': 50471, 'adc_Vbat': 70557}
2021-03-12 03:10:09.409280: +RX 22{'receiver': 1375928658, 'sender': 3254976792, 'packet_type': '42', 'comand': 110, 'time': 1615515065, 'sleep_intervall': 3600, 'unknown': 0, 'heating': 600, 'unknown2': 45, 'unknown3': 2}
2021-03-12 03:10:16.167641: +RX 16{'receiver': 1375928658, 'sender': 3254976792, 'packet_type': '4a', 'comand': 82, 'time': 1615515073, 'integration_time': 50, 'gain': 3}
2021-03-12 03:10:20.792501: +RX 60{'receiver': 3254976792, 'sender': 1375928658, 'packet_type': '4d', 'packet_number': 49, 'time': 3600, 'Tref_0 [d.n.]': 34799, 'Theat_0 [d.n.]': 34959, 'growth sensor [d.n]': 39422, 'adc_bandgap [d.n.]': 43647, 'number of bits': 17, 'Air relative humidity [%]': 37, 'Air temperature [10*° C]': 221, 'g_z (mean)': -124, 'g_z (std.dev)': 14, 'g_y (mean)': 4094, 'g_y (std.dev)': 0, 'g_x (mean)': 0, 'g_x (std.dev)': 0, 'Tref_1': 34600, 'Theat_1': 23351, 'StWC': 50499, 'adc_Vbat': 70544}
2021-03-12 03:10:23.335921: +RX 22{'receiver': 1375928658, 'sender': 3254976792, 'packet_type': '42', 'comand': 110, 'time': 1615515079, 'sleep_intervall': 3600, 'unknown': 0, 'heating': 600, 'unknown2': 45, 'unknown3': 2}
2021-03-12 04:09:59.830883: +RX 64{'receiver': 3254976792, 'sender': 1375928658, 'packet_type': '49', 'packet_number': 50, 'time': 3600, 'AS7263_610': 95.24541473388672, 'AS7263_680': 81.00357055664062, 'AS7263_730': 68.24900817871094, 'AS7263_760': 65.44486999511719, 'AS7263_810': 72.61417388916016, 'AS7263_860': 70.34435272216797, 'AS7262_450': 161.60533142089844, 'AS7262_500': 153.4583282470703, 'AS7262_550': 176.68551635742188, 'AS7262_570': 141.88673400878906, 'AS7262_600': 201.56692504882812, 'AS7262_650': 121.59232330322266, 'integration_time': 50, 'gain': 3}
2021-03-12 04:10:01.668974: +RX 16{'receiver': 1375928658, 'sender': 3254976792, 'packet_type': '4a', 'comand': 82, 'time': 1615518658, 'integration_time': 50, 'gain': 3}
2021-03-12 04:10:06.379768: +RX 60{'receiver': 3254976792, 'sender': 1375928658, 'packet_type': '4d', 'packet_number': 51, 'time': 7200, 'Tref_0 [d.n.]': 34961, 'Theat_0 [d.n.]': 35078, 'growth sensor [d.n]': 14648, 'adc_bandgap [d.n.]': 43647, 'number of bits': 17, 'Air relative humidity [%]': 38, 'Air temperature [10*° C]': 216, 'g_z (mean)': -123, 'g_z (std.dev)': 16, 'g_y (mean)': 4094, 'g_y (std.dev)': 0, 'g_x (mean)': 0, 'g_x (std.dev)': 0, 'Tref_1': 34907, 'Theat_1': 23800, 'StWC': 50516, 'adc_Vbat': 70527}
2021-03-12 04:10:08.837670: +RX 22{'receiver': 1375928658, 'sender': 3254976792, 'packet_type': '42', 'comand': 110, 'time': 1615518665, 'sleep_intervall': 3600, 'unknown': 0, 'heating': 600, 'unknown2': 45, 'unknown3': 2}
2021-03-12 04:10:13.548732: +RX 64{'receiver': 3254976792, 'sender': 1375928658, 'packet_type': '49', 'packet_number': 52, 'time': 7200, 'AS7263_610': 63.094112396240234, 'AS7263_680': 43.493228912353516, 'AS7263_730': 43.871917724609375, 'AS7263_760': 37.564125061035156, 'AS7263_810': 44.728248596191406, 'AS7263_860': 41.74542236328125, 'AS7262_450': 98.96617889404297, 'AS7262_500': 92.9173583984375, 'AS7262_550': 123.47505950927734, 'AS7262_570': 96.11396789550781, 'AS7262_600': 124.232666015625, 'AS7262_650': 68.97637176513672, 'integration_time': 50, 'gain': 3}
2021-03-12 04:10:15.392038: +RX 16{'receiver': 1375928658, 'sender': 3254976792, 'packet_type': '4a', 'comand': 82, 'time': 1615518672, 'integration_time': 50, 'gain': 3}
2021-03-12 04:10:20.308040: +RX 60{'receiver': 3254976792, 'sender': 1375928658, 'packet_type': '4d', 'packet_number': 53, 'time': 256, 'Tref_0 [d.n.]': 35978, 'Theat_0 [d.n.]': 36290, 'growth sensor [d.n]': 11461, 'adc_bandgap [d.n.]': 43647, 'number of bits': 17, 'Air relative humidity [%]': 36, 'Air temperature [10*° C]': 221, 'g_z (mean)': -116, 'g_z (std.dev)': 18, 'g_y (mean)': 4091, 'g_y (std.dev)': 0, 'g_x (mean)': 0, 'g_x (std.dev)': 0, 'Tref_1': 36227, 'Theat_1': 25214, 'StWC': 50562, 'adc_Vbat': 70505}
2021-03-12 04:10:22.563352: +RX 22{'receiver': 1375928658, 'sender': 3254976792, 'packet_type': '42', 'comand': 110, 'time': 1615518678, 'sleep_intervall': 3600, 'unknown': 0, 'heating': 600, 'unknown2': 45, 'unknown3': 2}
2021-03-12 04:10:27.477231: +RX 64{'receiver': 3254976792, 'sender': 1375928658, 'packet_type': '49', 'packet_number': 54, 'time': 256, 'AS7263_610': 68.91565704345703, 'AS7263_680': 50.987586975097656, 'AS7263_730': 44.01093673706055, 'AS7263_760': 41.54133224487305, 'AS7263_810': 52.97583770751953, 'AS7263_860': 55.67886734008789, 'AS7262_450': 108.65238189697266, 'AS7262_500': 104.81326293945312, 'AS7262_550': 127.46836853027344, 'AS7262_570': 99.67897033691406, 'AS7262_600': 128.04254150390625, 'AS7262_650': 80.7794418334961, 'integration_time': 50, 'gain': 3}
2021-03-12 04:10:29.322643: +RX 16{'receiver': 1375928658, 'sender': 3254976792, 'packet_type': '4a', 'comand': 82, 'time': 1615518686, 'integration_time': 50, 'gain': 3}
2021-03-12 05:09:58.847847: +RX 60{'receiver': 3254976792, 'sender': 1375928658, 'packet_type': '4d', 'packet_number': 55, 'time': 1615388400, 'Tref_0 [d.n.]': 36284, 'Theat_0 [d.n.]': 36402, 'growth sensor [d.n]': 42348, 'adc_bandgap [d.n.]': 43645, 'number of bits': 17, 'Air relative humidity [%]': 37, 'Air temperature [10*° C]': 194, 'g_z (mean)': -115, 'g_z (std.dev)': 14, 'g_y (mean)': 4092, 'g_y (std.dev)': 0, 'g_x (mean)': 0, 'g_x (std.dev)': 0, 'Tref_1': 35971, 'Theat_1': 24248, 'StWC': 50587, 'adc_Vbat': 70494}
2021-03-12 05:10:01.302959: +RX 22{'receiver': 1375928658, 'sender': 3254976792, 'packet_type': '42', 'comand': 110, 'time': 1615522257, 'sleep_intervall': 3600, 'unknown': 0, 'heating': 600, 'unknown2': 45, 'unknown3': 2}
2021-03-12 05:10:06.014214: +RX 64{'receiver': 3254976792, 'sender': 1375928658, 'packet_type': '49', 'packet_number': 56, 'time': 1615388400, 'AS7263_610': 51.86921691894531, 'AS7263_680': 37.787620544433594, 'AS7263_730': 35.32958221435547, 'AS7263_760': 31.931758880615234, 'AS7263_810': 38.8848991394043, 'AS7263_860': 44.56719970703125, 'AS7262_450': 77.98472595214844, 'AS7262_500': 72.91680908203125, 'AS7262_550': 95.53085327148438, 'AS7262_570': 70.74679565429688, 'AS7262_600': 92.15144348144531, 'AS7262_650': 57.17374801635742, 'integration_time': 50, 'gain': 3}
2021-03-12 05:10:07.857228: +RX 16{'receiver': 1375928658, 'sender': 3254976792, 'packet_type': '4a', 'comand': 82, 'time': 1615522264, 'integration_time': 50, 'gain': 3}
2021-03-12 05:10:12.772918: +RX 60{'receiver': 3254976792, 'sender': 1375928658, 'packet_type': '4d', 'packet_number': 57, 'time': 1615392000, 'Tref_0 [d.n.]': 35488, 'Theat_0 [d.n.]': 35641, 'growth sensor [d.n]': 16687, 'adc_bandgap [d.n.]': 43628, 'number of bits': 17, 'Air relative humidity [%]': 38, 'Air temperature [10*° C]': 206, 'g_z (mean)': -114, 'g_z (std.dev)': 15, 'g_y (mean)': 4092, 'g_y (std.dev)': 0, 'g_x (mean)': 0, 'g_x (std.dev)': 0, 'Tref_1': 35271, 'Theat_1': 23881, 'StWC': 50541, 'adc_Vbat': 70483}
2021-03-12 05:10:15.025461: +RX 22{'receiver': 1375928658, 'sender': 3254976792, 'packet_type': '42', 'comand': 110, 'time': 1615522271, 'sleep_intervall': 3600, 'unknown': 0, 'heating': 600, 'unknown2': 45, 'unknown3': 2}
2021-03-12 05:10:19.943401: +RX 64{'receiver': 3254976792, 'sender': 1375928658, 'packet_type': '49', 'packet_number': 58, 'time': 1615392000, 'AS7263_610': 23.615846633911133, 'AS7263_680': 19.98647117614746, 'AS7263_730': 17.620059967041016, 'AS7263_760': 17.51348876953125, 'AS7263_810': 19.99979019165039, 'AS7263_860': 25.509206771850586, 'AS7262_450': 45.6753044128418, 'AS7262_500': 39.892425537109375, 'AS7262_550': 43.78351593017578, 'AS7262_570': 34.79652786254883, 'AS7262_600': 42.814353942871094, 'AS7262_650': 31.09067153930664, 'integration_time': 50, 'gain': 3}
2021-03-12 05:10:21.784104: +RX 16{'receiver': 1375928658, 'sender': 3254976792, 'packet_type': '4a', 'comand': 82, 'time': 1615522278, 'integration_time': 50, 'gain': 3}
2021-03-12 05:10:26.496271: +RX 60{'receiver': 3254976792, 'sender': 1375928658, 'packet_type': '4d', 'packet_number': 59, 'time': 86, 'Tref_0 [d.n.]': 36051, 'Theat_0 [d.n.]': 35901, 'growth sensor [d.n]': 5170, 'adc_bandgap [d.n.]': 43645, 'number of bits': 17, 'Air relative humidity [%]': 48, 'Air temperature [10*° C]': 198, 'g_z (mean)': -24, 'g_z (std.dev)': 4, 'g_y (mean)': 4092, 'g_y (std.dev)': 0, 'g_x (mean)': 0, 'g_x (std.dev)': 0, 'Tref_1': 35987, 'Theat_1': 24858, 'StWC': 50489, 'adc_Vbat': 70454}
2021-03-12 05:10:28.953020: +RX 22{'receiver': 1375928658, 'sender': 3254976792, 'packet_type': '42', 'comand': 110, 'time': 1615522285, 'sleep_intervall': 3600, 'unknown': 0, 'heating': 600, 'unknown2': 45, 'unknown3': 2}
2021-03-12 06:10:00.941635: +RX 64{'receiver': 3254976792, 'sender': 1375928658, 'packet_type': '49', 'packet_number': 60, 'time': 86, 'AS7263_610': 404.1148986816406, 'AS7263_680': 310.2663269042969, 'AS7263_730': 305.5352478027344, 'AS7263_760': 280.3796081542969, 'AS7263_810': 253.9731903076172, 'AS7263_860': 187.7221221923828, 'AS7262_450': 615.894775390625, 'AS7262_500': 676.6477661132812, 'AS7262_550': 842.91650390625, 'AS7262_570': 774.7404174804688, 'AS7262_600': 762.550537109375, 'AS7262_650': 495.039794921875, 'integration_time': 50, 'gain': 3}
2021-03-12 06:10:02.779156: +RX 16{'receiver': 1375928658, 'sender': 3254976792, 'packet_type': '4a', 'comand': 82, 'time': 1615525859, 'integration_time': 50, 'gain': 3}
2021-03-12 06:10:07.367518: +RX 60{'receiver': 3254976792, 'sender': 1375928658, 'packet_type': '4d', 'packet_number': 61, 'time': 97, 'Tref_0 [d.n.]': 35844, 'Theat_0 [d.n.]': 33912, 'growth sensor [d.n]': 3305, 'adc_bandgap [d.n.]': 43647, 'number of bits': 17, 'Air relative humidity [%]': 45, 'Air temperature [10*° C]': 212, 'g_z (mean)': -11, 'g_z (std.dev)': 31, 'g_y (mean)': 4092, 'g_y (std.dev)': 0, 'g_x (mean)': 0, 'g_x (std.dev)': 0, 'Tref_1': 35778, 'Theat_1': 25019, 'StWC': 50485, 'adc_Vbat': 70436}
2021-03-12 06:10:09.743575: +RX 22{'receiver': 1375928658, 'sender': 3254976792, 'packet_type': '42', 'comand': 110, 'time': 1615525866, 'sleep_intervall': 3600, 'unknown': 0, 'heating': 600, 'unknown2': 45, 'unknown3': 2}
2021-03-12 06:10:14.659474: +RX 64{'receiver': 3254976792, 'sender': 1375928658, 'packet_type': '49', 'packet_number': 62, 'time': 97, 'AS7263_610': 616.7072143554688, 'AS7263_680': 538.0184326171875, 'AS7263_730': 420.3655700683594, 'AS7263_760': 399.6329040527344, 'AS7263_810': 410.0794982910156, 'AS7263_860': 377.1133117675781, 'AS7262_450': 1093.36962890625, 'AS7262_500': 1304.150634765625, 'AS7262_550': 1201.8985595703125, 'AS7262_570': 1182.9476318359375, 'AS7262_600': 1134.96484375, 'AS7262_650': 1051.9298095703125, 'integration_time': 50, 'gain': 3}
2021-03-12 06:10:16.367886: +RX 16{'receiver': 1375928658, 'sender': 3254976792, 'packet_type': '4a', 'comand': 82, 'time': 1615525873, 'integration_time': 50, 'gain': 3}
2021-03-12 06:10:21.220714: +RX 60{'receiver': 3254976792, 'sender': 1375928658, 'packet_type': '4d', 'packet_number': 63, 'time': 1615474800, 'Tref_0 [d.n.]': 36474, 'Theat_0 [d.n.]': 35387, 'growth sensor [d.n]': 35273, 'adc_bandgap [d.n.]': 43643, 'number of bits': 17, 'Air relative humidity [%]': 40, 'Air temperature [10*° C]': 200, 'g_z (mean)': -21, 'g_z (std.dev)': 6, 'g_y (mean)': 4092, 'g_y (std.dev)': 0, 'g_x (mean)': 0, 'g_x (std.dev)': 0, 'Tref_1': 36056, 'Theat_1': 25054, 'StWC': 50604, 'adc_Vbat': 70438}
2021-03-12 06:10:28.329916: +RX 64{'receiver': 3254976792, 'sender': 1375928658, 'packet_type': '49', 'packet_number': 64, 'time': 1615474800, 'AS7263_610': 244.13038635253906, 'AS7263_680': 177.96722412109375, 'AS7263_730': 135.5024871826172, 'AS7263_760': 127.42607879638672, 'AS7263_810': 130.9884490966797, 'AS7263_860': 116.71995544433594, 'AS7262_450': 584.7249755859375, 'AS7262_500': 564.1026611328125, 'AS7262_550': 486.3302001953125, 'AS7262_570': 443.4912109375, 'AS7262_600': 424.0228271484375, 'AS7262_650': 344.7826232910156, 'integration_time': 50, 'gain': 3}
2021-03-12 06:10:30.225101: +RX 16{'receiver': 1375928658, 'sender': 3254976792, 'packet_type': '4a', 'comand': 82, 'time': 1615525887, 'integration_time': 50, 'gain': 3}
2021-03-12 07:09:59.961769: +RX 60{'receiver': 3254976792, 'sender': 1375928658, 'packet_type': '4d', 'packet_number': 65, 'time': 1615478401, 'Tref_0 [d.n.]': 35981, 'Theat_0 [d.n.]': 36029, 'growth sensor [d.n]': 38865, 'adc_bandgap [d.n.]': 43641, 'number of bits': 17, 'Air relative humidity [%]': 40, 'Air temperature [10*° C]': 194, 'g_z (mean)': -43, 'g_z (std.dev)': -13, 'g_y (mean)': 4091, 'g_y (std.dev)': 0, 'g_x (mean)': 0, 'g_x (std.dev)': 0, 'Tref_1': 35778, 'Theat_1': 24330, 'StWC': 50604, 'adc_Vbat': 70436}
2021-03-12 07:10:02.209061: +RX 22{'receiver': 1375928658, 'sender': 3254976792, 'packet_type': '42', 'comand': 110, 'time': 1615529458, 'sleep_intervall': 3600, 'unknown': 0, 'heating': 600, 'unknown2': 45, 'unknown3': 2}
2021-03-12 07:10:07.124421: +RX 64{'receiver': 3254976792, 'sender': 1375928658, 'packet_type': '49', 'packet_number': 66, 'time': 1615478401, 'AS7263_610': 100.61131286621094, 'AS7263_680': 92.88871765136719, 'AS7263_730': 78.89712524414062, 'AS7263_760': 69.36734008789062, 'AS7263_810': 60.70177459716797, 'AS7263_860': 49.24335861206055, 'AS7262_450': 255.20115661621094, 'AS7262_500': 227.97442626953125, 'AS7262_550': 251.59791564941406, 'AS7262_570': 196.3195037841797, 'AS7262_600': 199.7035369873047, 'AS7262_650': 128.16909790039062, 'integration_time': 50, 'gain': 3}
2021-03-12 07:10:08.967252: +RX 16{'receiver': 1375928658, 'sender': 3254976792, 'packet_type': '4a', 'comand': 82, 'time': 1615529465, 'integration_time': 50, 'gain': 3}
2021-03-12 07:10:16.136018: +RX 22{'receiver': 1375928658, 'sender': 3254976792, 'packet_type': '42', 'comand': 110, 'time': 1615529472, 'sleep_intervall': 3600, 'unknown': 0, 'heating': 600, 'unknown2': 45, 'unknown3': 2}
2021-03-12 07:10:20.849143: +RX 64{'receiver': 3254976792, 'sender': 1375928658, 'packet_type': '49', 'packet_number': 68, 'time': 1615482000, 'AS7263_610': 12.622132301330566, 'AS7263_680': 17.471752166748047, 'AS7263_730': 15.440642356872559, 'AS7263_760': 15.561957359313965, 'AS7263_810': 13.447732925415039, 'AS7263_860': 12.653203010559082, 'AS7262_450': 33.87906265258789, 'AS7262_500': 33.99411392211914, 'AS7262_550': 32.628299713134766, 'AS7262_570': 25.693002700805664, 'AS7262_600': 24.716144561767578, 'AS7262_650': 21.197364807128906, 'integration_time': 50, 'gain': 3}
2021-03-12 07:10:22.600164: +RX 16{'receiver': 1375928658, 'sender': 3254976792, 'packet_type': '4a', 'comand': 82, 'time': 1615529479, 'integration_time': 50, 'gain': 3}
2021-03-12 07:10:27.402025: +RX 60{'receiver': 3254976792, 'sender': 1375928658, 'packet_type': '4d', 'packet_number': 69, 'time': 1615485600, 'Tref_0 [d.n.]': 36052, 'Theat_0 [d.n.]': 36103, 'growth sensor [d.n]': 39535, 'adc_bandgap [d.n.]': 43621, 'number of bits': 17, 'Air relative humidity [%]': 39, 'Air temperature [10*° C]': 189, 'g_z (mean)': -41, 'g_z (std.dev)': -12, 'g_y (mean)': 4092, 'g_y (std.dev)': 0, 'g_x (mean)': 0, 'g_x (std.dev)': 0, 'Tref_1': 35918, 'Theat_1': 24584, 'StWC': 50511, 'adc_Vbat': 70415}
2021-03-12 07:10:29.858895: +RX 22{'receiver': 1375928658, 'sender': 3254976792, 'packet_type': '42', 'comand': 110, 'time': 1615529486, 'sleep_intervall': 3600, 'unknown': 0, 'heating': 600, 'unknown2': 45, 'unknown3': 2}
2021-03-12 08:10:00.619333: +RX 64{'receiver': 3254976792, 'sender': 1375928658, 'packet_type': '49', 'packet_number': 70, 'time': 1615485600, 'AS7263_610': 0.12215107679367065, 'AS7263_680': 0.0, 'AS7263_730': 0.002542759058997035, 'AS7263_760': 0.0030739514622837305, 'AS7263_810': 0.020905425772070885, 'AS7263_860': 0.0036875433288514614, 'AS7262_450': 0.010265243239700794, 'AS7262_500': 0.0, 'AS7262_550': 0.0027306145057082176, 'AS7262_570': 0.0, 'AS7262_600': 0.0412726104259491, 'AS7262_650': 0.0, 'integration_time': 50, 'gain': 3}
2021-03-12 08:10:02.456603: +RX 16{'receiver': 1375928658, 'sender': 3254976792, 'packet_type': '4a', 'comand': 82, 'time': 1615533059, 'integration_time': 50, 'gain': 3}
2021-03-12 08:10:07.375711: +RX 60{'receiver': 3254976792, 'sender': 1375928658, 'packet_type': '4d', 'packet_number': 71, 'time': 1615489200, 'Tref_0 [d.n.]': 36077, 'Theat_0 [d.n.]': 36219, 'growth sensor [d.n]': 39539, 'adc_bandgap [d.n.]': 43618, 'number of bits': 17, 'Air relative humidity [%]': 40, 'Air temperature [10*° C]': 186, 'g_z (mean)': -41, 'g_z (std.dev)': -12, 'g_y (mean)': 4092, 'g_y (std.dev)': 0, 'g_x (mean)': 0, 'g_x (std.dev)': 0, 'Tref_1': 36034, 'Theat_1': 25037, 'StWC': 50514, 'adc_Vbat': 70398}
2021-03-12 08:10:09.627834: +RX 22{'receiver': 1375928658, 'sender': 3254976792, 'packet_type': '42', 'comand': 110, 'time': 1615533065, 'sleep_intervall': 3600, 'unknown': 0, 'heating': 600, 'unknown2': 45, 'unknown3': 2}
2021-03-12 08:10:14.392714: +RX 64{'receiver': 3254976792, 'sender': 1375928658, 'packet_type': '49', 'packet_number': 72, 'time': 1615489200, 'AS7263_610': 0.11208535730838776, 'AS7263_680': 0.0008636647835373878, 'AS7263_730': 0.0033828001469373703, 'AS7263_760': 0.0015335552161559463, 'AS7263_810': 0.01764984056353569, 'AS7263_860': 0.00643883878365159, 'AS7262_450': 0.011173524893820286, 'AS7262_500': 0.0, 'AS7262_550': 0.0, 'AS7262_570': 0.0014820313081145287, 'AS7262_600': 0.030473759397864342, 'AS7262_650': 0.0, 'integration_time': 50, 'gain': 3}
2021-03-12 08:10:21.095487: +RX 60{'receiver': 3254976792, 'sender': 1375928658, 'packet_type': '4d', 'packet_number': 73, 'time': 1615492801, 'Tref_0 [d.n.]': 36181, 'Theat_0 [d.n.]': 36287, 'growth sensor [d.n]': 39539, 'adc_bandgap [d.n.]': 43609, 'number of bits': 17, 'Air relative humidity [%]': 40, 'Air temperature [10*° C]': 185, 'g_z (mean)': -41, 'g_z (std.dev)': -12, 'g_y (mean)': 4092, 'g_y (std.dev)': 0, 'g_x (mean)': 0, 'g_x (std.dev)': 0, 'Tref_1': 36143, 'Theat_1': 25019, 'StWC': 50523, 'adc_Vbat': 70401}
2021-03-12 08:10:23.556940: +RX 22{'receiver': 1375928658, 'sender': 3254976792, 'packet_type': '42', 'comand': 110, 'time': 1615533079, 'sleep_intervall': 3600, 'unknown': 0, 'heating': 600, 'unknown2': 45, 'unknown3': 2}
2021-03-12 08:10:28.264084: +RX 64{'receiver': 3254976792, 'sender': 1375928658, 'packet_type': '49', 'packet_number': 74, 'time': 1615492801, 'AS7263_610': 0.09576224535703659, 'AS7263_680': 0.0008636647835373878, 'AS7263_730': 0.0033828001469373703, 'AS7263_760': 0.003833887865766883, 'AS7263_810': 0.01283624954521656, 'AS7263_860': 0.007358673494309187, 'AS7262_450': 0.010242397896945477, 'AS7262_500': 0.0, 'AS7262_550': 0.001816358300857246, 'AS7262_570': 0.0007410156540572643, 'AS7262_600': 0.023884838446974754, 'AS7262_650': 0.0, 'integration_time': 50, 'gain': 3}
2021-03-12 08:10:30.106799: +RX 16{'receiver': 1375928658, 'sender': 3254976792, 'packet_type': '4a', 'comand': 82, 'time': 1615533086, 'integration_time': 50, 'gain': 3}
2021-03-12 09:10:01.480400: +RX 60{'receiver': 3254976792, 'sender': 1375928658, 'packet_type': '4d', 'packet_number': 75, 'time': 1615496400, 'Tref_0 [d.n.]': 36253, 'Theat_0 [d.n.]': 36350, 'growth sensor [d.n]': 39537, 'adc_bandgap [d.n.]': 43603, 'number of bits': 17, 'Air relative humidity [%]': 40, 'Air temperature [10*° C]': 184, 'g_z (mean)': -41, 'g_z (std.dev)': -11, 'g_y (mean)': 4092, 'g_y (std.dev)': 0, 'g_x (mean)': 0, 'g_x (std.dev)': 0, 'Tref_1': 36147, 'Theat_1': 25161, 'StWC': 50526, 'adc_Vbat': 70384}
2021-03-12 09:10:03.728306: +RX 22{'receiver': 1375928658, 'sender': 3254976792, 'packet_type': '42', 'comand': 110, 'time': 1615536659, 'sleep_intervall': 3600, 'unknown': 0, 'heating': 600, 'unknown2': 45, 'unknown3': 2}
2021-03-12 09:10:08.644462: +RX 64{'receiver': 3254976792, 'sender': 1375928658, 'packet_type': '49', 'packet_number': 76, 'time': 1615496400, 'AS7263_610': 0.11560726910829544, 'AS7263_680': 0.000865591166075319, 'AS7263_730': 0.002542759058997035, 'AS7263_760': 0.0030739514622837305, 'AS7263_810': 0.008040550164878368, 'AS7263_860': 0.002765657613053918, 'AS7262_450': 0.010265243239700794, 'AS7262_500': 0.0, 'AS7262_550': 0.0, 'AS7262_570': 0.0, 'AS7262_600': 0.02558901719748974, 'AS7262_650': 0.0, 'integration_time': 50, 'gain': 3}
2021-03-12 09:10:10.486248: +RX 16{'receiver': 1375928658, 'sender': 3254976792, 'packet_type': '4a', 'comand': 82, 'time': 1615536667, 'integration_time': 50, 'gain': 3}
2021-03-12 09:10:15.198614: +RX 60{'receiver': 3254976792, 'sender': 1375928658, 'packet_type': '4d', 'packet_number': 77, 'time': 1615500000, 'Tref_0 [d.n.]': 36288, 'Theat_0 [d.n.]': 36405, 'growth sensor [d.n]': 39539, 'adc_bandgap [d.n.]': 43571, 'number of bits': 17, 'Air relative humidity [%]': 40, 'Air temperature [10*° C]': 183, 'g_z (mean)': -41, 'g_z (std.dev)': -11, 'g_y (mean)': 4092, 'g_y (std.dev)': 0, 'g_x (mean)': 0, 'g_x (std.dev)': 0, 'Tref_1': 36208, 'Theat_1': 25146, 'StWC': 50527, 'adc_Vbat': 70373}
2021-03-12 09:10:17.655249: +RX 22{'receiver': 1375928658, 'sender': 3254976792, 'packet_type': '42', 'comand': 110, 'time': 1615536673, 'sleep_intervall': 3600, 'unknown': 0, 'heating': 600, 'unknown2': 45, 'unknown3': 2}
2021-03-12 09:10:22.367812: +RX 64{'receiver': 3254976792, 'sender': 1375928658, 'packet_type': '49', 'packet_number': 78, 'time': 1615500000, 'AS7263_610': 0.11015409231185913, 'AS7263_680': 0.0, 'AS7263_730': 0.0016951727448031306, 'AS7263_760': 0.0015369757311418653, 'AS7263_810': 0.015277043916285038, 'AS7263_860': 0.0055313147604465485, 'AS7262_450': 0.0065324273891747, 'AS7262_500': 0.0, 'AS7262_550': 0.0, 'AS7262_570': 0.0007426684605889022, 'AS7262_600': 0.02146175689995289, 'AS7262_650': 0.0, 'integration_time': 50, 'gain': 3}
2021-03-12 09:10:24.209387: +RX 16{'receiver': 1375928658, 'sender': 3254976792, 'packet_type': '4a', 'comand': 82, 'time': 1615536680, 'integration_time': 50, 'gain': 3}
2021-03-12 10:10:01.481162: +RX 60{'receiver': 3254976792, 'sender': 1375928658, 'packet_type': '4d', 'packet_number': 79, 'time': 1615500000, 'Tref_0 [d.n.]': 36337, 'Theat_0 [d.n.]': 36423, 'growth sensor [d.n]': 39539, 'adc_bandgap [d.n.]': 43607, 'number of bits': 17, 'Air relative humidity [%]': 40, 'Air temperature [10*° C]': 182, 'g_z (mean)': -41, 'g_z (std.dev)': -11, 'g_y (mean)': 4092, 'g_y (std.dev)': 0, 'g_x (mean)': 0, 'g_x (std.dev)': 0, 'Tref_1': 36274, 'Theat_1': 25213, 'StWC': 50531, 'adc_Vbat': 70359}
2021-03-12 10:10:03.976811: +RX 22{'receiver': 1375928658, 'sender': 3254976792, 'packet_type': '42', 'comand': 110, 'time': 1615540259, 'sleep_intervall': 3600, 'unknown': 0, 'heating': 600, 'unknown2': 45, 'unknown3': 2}
2021-03-12 10:10:08.684938: +RX 64{'receiver': 3254976792, 'sender': 1375928658, 'packet_type': '49', 'packet_number': 80, 'time': 1615500000, 'AS7263_610': 0.07846734672784805, 'AS7263_680': 0.0, 'AS7263_730': 0.0016939133638516068, 'AS7263_760': 0.0015358338132500648, 'AS7263_810': 0.013658779673278332, 'AS7263_860': 0.005527205299586058, 'AS7262_450': 0.00932510569691658, 'AS7262_500': 0.0, 'AS7262_550': 0.0009095286368392408, 'AS7262_570': 0.0, 'AS7262_600': 0.025570007041096687, 'AS7262_650': 0.0, 'integration_time': 50, 'gain': 3}
2021-03-12 10:10:10.528085: +RX 16{'receiver': 1375928658, 'sender': 3254976792, 'packet_type': '4a', 'comand': 82, 'time': 1615540267, 'integration_time': 50, 'gain': 3}
2021-03-12 10:10:15.444822: +RX 60{'receiver': 3254976792, 'sender': 1375928658, 'packet_type': '4d', 'packet_number': 81, 'time': 1615507200, 'Tref_0 [d.n.]': 36369, 'Theat_0 [d.n.]': 36479, 'growth sensor [d.n]': 39539, 'adc_bandgap [d.n.]': 43579, 'number of bits': 17, 'Air relative humidity [%]': 40, 'Air temperature [10*° C]': 181, 'g_z (mean)': -41, 'g_z (std.dev)': -11, 'g_y (mean)': 4093, 'g_y (std.dev)': 0, 'g_x (mean)': 0, 'g_x (std.dev)': 0, 'Tref_1': 36297, 'Theat_1': 25269, 'StWC': 50638, 'adc_Vbat': 70350}
2021-03-12 10:10:17.696958: +RX 22{'receiver': 1375928658, 'sender': 3254976792, 'packet_type': '42', 'comand': 110, 'time': 1615540273, 'sleep_intervall': 3600, 'unknown': 0, 'heating': 600, 'unknown2': 45, 'unknown3': 2}
2021-03-12 10:10:22.612531: +RX 64{'receiver': 3254976792, 'sender': 1375928658, 'packet_type': '49', 'packet_number': 82, 'time': 1615507200, 'AS7263_610': 0.09256629645824432, 'AS7263_680': 0.0008643059409223497, 'AS7263_730': 0.0033853116910904646, 'AS7263_760': 0.0023020405787974596, 'AS7263_810': 0.012845778837800026, 'AS7263_860': 0.0036820683162659407, 'AS7262_450': 0.00838636513799429, 'AS7262_500': 0.0, 'AS7262_550': 0.002726560225710273, 'AS7262_570': 0.0, 'AS7262_600': 0.01648453064262867, 'AS7262_650': 0.0, 'integration_time': 50, 'gain': 3}
2021-03-12 10:10:24.455996: +RX 16{'receiver': 1375928658, 'sender': 3254976792, 'packet_type': '4a', 'comand': 82, 'time': 1615540280, 'integration_time': 50, 'gain': 3}
2021-03-12 11:10:01.564875: +RX 60{'receiver': 3254976792, 'sender': 1375928658, 'packet_type': '4d', 'packet_number': 83, 'time': 1615510801, 'Tref_0 [d.n.]': 36415, 'Theat_0 [d.n.]': 36534, 'growth sensor [d.n]': 39539, 'adc_bandgap [d.n.]': 43566, 'number of bits': 17, 'Air relative humidity [%]': 40, 'Air temperature [10*° C]': 180, 'g_z (mean)': -41, 'g_z (std.dev)': -11, 'g_y (mean)': 4092, 'g_y (std.dev)': 0, 'g_x (mean)': 0, 'g_x (std.dev)': 0, 'Tref_1': 36317, 'Theat_1': 25411, 'StWC': 50636, 'adc_Vbat': 70341}
2021-03-12 11:10:04.006861: +RX 22{'receiver': 1375928658, 'sender': 3254976792, 'packet_type': '42', 'comand': 110, 'time': 1615543859, 'sleep_intervall': 3600, 'unknown': 0, 'heating': 600, 'unknown2': 45, 'unknown3': 2}
2021-03-12 11:10:10.561239: +RX 16{'receiver': 1375928658, 'sender': 3254976792, 'packet_type': '4a', 'comand': 82, 'time': 1615543867, 'integration_time': 50, 'gain': 3}
2021-03-12 11:10:15.477510: +RX 60{'receiver': 3254976792, 'sender': 1375928658, 'packet_type': '4d', 'packet_number': 85, 'time': 1615514400, 'Tref_0 [d.n.]': 36438, 'Theat_0 [d.n.]': 36545, 'growth sensor [d.n]': 39540, 'adc_bandgap [d.n.]': 43574, 'number of bits': 17, 'Air relative humidity [%]': 40, 'Air temperature [10*° C]': 179, 'g_z (mean)': -41, 'g_z (std.dev)': -11, 'g_y (mean)': 4092, 'g_y (std.dev)': 0, 'g_x (mean)': 0, 'g_x (std.dev)': 0, 'Tref_1': 36359, 'Theat_1': 25463, 'StWC': 50537, 'adc_Vbat': 70319}
2021-03-12 11:10:17.730499: +RX 22{'receiver': 1375928658, 'sender': 3254976792, 'packet_type': '42', 'comand': 110, 'time': 1615543873, 'sleep_intervall': 3600, 'unknown': 0, 'heating': 600, 'unknown2': 45, 'unknown3': 2}
2021-03-12 11:10:22.645706: +RX 64{'receiver': 3254976792, 'sender': 1375928658, 'packet_type': '49', 'packet_number': 86, 'time': 1615514400, 'AS7263_610': 0.08185845613479614, 'AS7263_680': 0.0008662351756356657, 'AS7263_730': 0.0016964341048151255, 'AS7263_760': 0.0015381192788481712, 'AS7263_810': 0.01046049315482378, 'AS7263_860': 0.002767715370282531, 'AS7262_450': 0.00840508472174406, 'AS7262_500': 0.001040808274410665, 'AS7262_550': 0.0009108820813708007, 'AS7262_570': 0.0014864420518279076, 'AS7262_600': 0.02478199079632759, 'AS7262_650': 0.0, 'integration_time': 50, 'gain': 3}
2021-03-12 11:10:24.490389: +RX 16{'receiver': 1375928658, 'sender': 3254976792, 'packet_type': '4a', 'comand': 82, 'time': 1615543880, 'integration_time': 50, 'gain': 3}
2021-03-12 12:10:04.902929: +RX 60{'receiver': 3254976792, 'sender': 1375928658, 'packet_type': '4d', 'packet_number': 87, 'time': 1615518000, 'Tref_0 [d.n.]': 36496, 'Theat_0 [d.n.]': 36607, 'growth sensor [d.n]': 39538, 'adc_bandgap [d.n.]': 43571, 'number of bits': 17, 'Air relative humidity [%]': 40, 'Air temperature [10*° C]': 178, 'g_z (mean)': -41, 'g_z (std.dev)': -11, 'g_y (mean)': 4093, 'g_y (std.dev)': 0, 'g_x (mean)': 0, 'g_x (std.dev)': 0, 'Tref_1': 36459, 'Theat_1': 25350, 'StWC': 50540, 'adc_Vbat': 70323}
2021-03-12 12:10:07.113229: +RX 22{'receiver': 1375928658, 'sender': 3254976792, 'packet_type': '42', 'comand': 110, 'time': 1615547463, 'sleep_intervall': 3600, 'unknown': 0, 'heating': 600, 'unknown2': 45, 'unknown3': 2}
2021-03-12 12:10:12.034463: +RX 64{'receiver': 3254976792, 'sender': 1375928658, 'packet_type': '49', 'packet_number': 88, 'time': 1615518000, 'AS7263_610': 0.07967556267976761, 'AS7263_680': 0.0017324703512713313, 'AS7263_730': 0.003392868209630251, 'AS7263_760': 0.003845298197120428, 'AS7263_810': 0.022530285641551018, 'AS7263_860': 0.009225718677043915, 'AS7262_450': 0.010272881016135216, 'AS7262_500': 0.001040808274410665, 'AS7262_550': 0.004554410465061665, 'AS7262_570': 0.0014864420518279076, 'AS7262_600': 0.02065165899693966, 'AS7262_650': 0.0, 'integration_time': 50, 'gain': 3}
2021-03-12 12:10:13.871878: +RX 16{'receiver': 1375928658, 'sender': 3254976792, 'packet_type': '4a', 'comand': 82, 'time': 1615547470, 'integration_time': 50, 'gain': 3}
2021-03-12 12:10:18.517556: +RX 60{'receiver': 3254976792, 'sender': 1375928658, 'packet_type': '4d', 'packet_number': 89, 'time': 1615521600, 'Tref_0 [d.n.]': 36523, 'Theat_0 [d.n.]': 36636, 'growth sensor [d.n]': 39535, 'adc_bandgap [d.n.]': 43558, 'number of bits': 17, 'Air relative humidity [%]': 40, 'Air temperature [10*° C]': 178, 'g_z (mean)': -41, 'g_z (std.dev)': -10, 'g_y (mean)': 4093, 'g_y (std.dev)': 0, 'g_x (mean)': 0, 'g_x (std.dev)': 0, 'Tref_1': 36448, 'Theat_1': 25541, 'StWC': 50640, 'adc_Vbat': 70310}
2021-03-12 12:10:21.041528: +RX 22{'receiver': 1375928658, 'sender': 3254976792, 'packet_type': '42', 'comand': 110, 'time': 1615547476, 'sleep_intervall': 3600, 'unknown': 0, 'heating': 600, 'unknown2': 45, 'unknown3': 2}
2021-03-12 12:10:25.752296: +RX 64{'receiver': 3254976792, 'sender': 1375928658, 'packet_type': '49', 'packet_number': 90, 'time': 1615521600, 'AS7263_610': 1.0284732580184937, 'AS7263_680': 0.0, 'AS7263_730': 0.002542759058997035, 'AS7263_760': 0.0030739514622837305, 'AS7263_810': 0.01849326305091381, 'AS7263_860': 0.0055313147604465485, 'AS7262_450': 0.052259378135204315, 'AS7262_500': 0.0, 'AS7262_550': 0.5597768425941467, 'AS7262_570': 0.005198678933084011, 'AS7262_600': 0.7767481207847595, 'AS7262_650': 0.0029998987447470427, 'integration_time': 50, 'gain': 3}
2021-03-12 12:10:27.530795: +RX 16{'receiver': 1375928658, 'sender': 3254976792, 'packet_type': '4a', 'comand': 82, 'time': 1615547484, 'integration_time': 50, 'gain': 3}
2021-03-12 13:10:08.794081: +RX 60{'receiver': 3254976792, 'sender': 1375928658, 'packet_type': '4d', 'packet_number': 91, 'time': 1615525200, 'Tref_0 [d.n.]': 36540, 'Theat_0 [d.n.]': 36669, 'growth sensor [d.n]': 39539, 'adc_bandgap [d.n.]': 43562, 'number of bits': 17, 'Air relative humidity [%]': 40, 'Air temperature [10*° C]': 177, 'g_z (mean)': -41, 'g_z (std.dev)': -10, 'g_y (mean)': 4093, 'g_y (std.dev)': 0, 'g_x (mean)': 0, 'g_x (std.dev)': 0, 'Tref_1': 36488, 'Theat_1': 25512, 'StWC': 50650, 'adc_Vbat': 70302}
2021-03-12 13:10:11.240724: +RX 22{'receiver': 1375928658, 'sender': 3254976792, 'packet_type': '42', 'comand': 110, 'time': 1615551067, 'sleep_intervall': 3600, 'unknown': 0, 'heating': 600, 'unknown2': 45, 'unknown3': 2}
2021-03-12 13:10:15.954713: +RX 64{'receiver': 3254976792, 'sender': 1375928658, 'packet_type': '49', 'packet_number': 92, 'time': 1615525200, 'AS7263_610': 1.4286835193634033, 'AS7263_680': 0.0008668801747262478, 'AS7263_730': 0.0025465458165854216, 'AS7263_760': 0.0038481615483760834, 'AS7263_810': 0.02657332643866539, 'AS7263_860': 0.00830932892858982, 'AS7262_450': 0.33925706148147583, 'AS7262_500': 0.0, 'AS7262_550': 1.1121124029159546, 'AS7262_570': 0.011156615801155567, 'AS7262_600': 1.1027895212173462, 'AS7262_650': 0.009764188900589943, 'integration_time': 50, 'gain': 3}
2021-03-12 13:10:17.794708: +RX 16{'receiver': 1375928658, 'sender': 3254976792, 'packet_type': '4a', 'comand': 82, 'time': 1615551074, 'integration_time': 50, 'gain': 3}
2021-03-12 13:10:22.716143: +RX 60{'receiver': 3254976792, 'sender': 1375928658, 'packet_type': '4d', 'packet_number': 93, 'time': 1615528800, 'Tref_0 [d.n.]': 36574, 'Theat_0 [d.n.]': 36674, 'growth sensor [d.n]': 39537, 'adc_bandgap [d.n.]': 43540, 'number of bits': 17, 'Air relative humidity [%]': 40, 'Air temperature [10*° C]': 177, 'g_z (mean)': -41, 'g_z (std.dev)': -10, 'g_y (mean)': 4093, 'g_y (std.dev)': 0, 'g_x (mean)': 0, 'g_x (std.dev)': 0, 'Tref_1': 36459, 'Theat_1': 25549, 'StWC': 50645, 'adc_Vbat': 70285}
2021-03-12 13:10:24.963657: +RX 22{'receiver': 1375928658, 'sender': 3254976792, 'packet_type': '42', 'comand': 110, 'time': 1615551080, 'sleep_intervall': 3600, 'unknown': 0, 'heating': 600, 'unknown2': 45, 'unknown3': 2}
2021-03-12 14:10:13.061354: +RX 64{'receiver': 3254976792, 'sender': 1375928658, 'packet_type': '49', 'packet_number': 94, 'time': 1615528800, 'AS7263_610': 24.70207977294922, 'AS7263_680': 34.328617095947266, 'AS7263_730': 28.52471160888672, 'AS7263_760': 27.487653732299805, 'AS7263_810': 25.949871063232422, 'AS7263_860': 24.682703018188477, 'AS7262_450': 61.71025085449219, 'AS7262_500': 64.01742553710938, 'AS7262_550': 59.06914138793945, 'AS7262_570': 49.46560287475586, 'AS7262_600': 47.478599548339844, 'AS7262_650': 45.0692253112793, 'integration_time': 50, 'gain': 3}
2021-03-12 14:10:14.961408: +RX 16{'receiver': 1375928658, 'sender': 3254976792, 'packet_type': '4a', 'comand': 82, 'time': 1615554671, 'integration_time': 50, 'gain': 3}
2021-03-12 14:10:19.879600: +RX 60{'receiver': 3254976792, 'sender': 1375928658, 'packet_type': '4d', 'packet_number': 95, 'time': 1615532400, 'Tref_0 [d.n.]': 36538, 'Theat_0 [d.n.]': 36665, 'growth sensor [d.n]': 39538, 'adc_bandgap [d.n.]': 43558, 'number of bits': 17, 'Air relative humidity [%]': 39, 'Air temperature [10*° C]': 179, 'g_z (mean)': -41, 'g_z (std.dev)': -10, 'g_y (mean)': 4093, 'g_y (std.dev)': 0, 'g_x (mean)': 0, 'g_x (std.dev)': 0, 'Tref_1': 36459, 'Theat_1': 25363, 'StWC': 50647, 'adc_Vbat': 70286}
2021-03-12 14:10:22.049588: +RX 22{'receiver': 1375928658, 'sender': 3254976792, 'packet_type': '42', 'comand': 110, 'time': 1615554677, 'sleep_intervall': 3600, 'unknown': 0, 'heating': 600, 'unknown2': 45, 'unknown3': 2}
2021-03-12 14:10:26.988034: +RX 64{'receiver': 3254976792, 'sender': 1375928658, 'packet_type': '49', 'packet_number': 96, 'time': 1615532400, 'AS7263_610': 138.74557495117188, 'AS7263_680': 165.3569793701172, 'AS7263_730': 131.26541137695312, 'AS7263_760': 126.71096801757812, 'AS7263_810': 117.91019439697266, 'AS7263_860': 112.07406616210938, 'AS7262_450': 251.2557373046875, 'AS7262_500': 287.5506591796875, 'AS7262_550': 291.4464416503906, 'AS7262_570': 267.33868408203125, 'AS7262_600': 262.7357177734375, 'AS7262_650': 231.9117431640625, 'integration_time': 50, 'gain': 3}
2021-03-12 14:10:28.891576: +RX 16{'receiver': 1375928658, 'sender': 3254976792, 'packet_type': '4a', 'comand': 82, 'time': 1615554685, 'integration_time': 50, 'gain': 3}
2021-03-12 15:10:06.192057: +RX 60{'receiver': 3254976792, 'sender': 1375928658, 'packet_type': '4d', 'packet_number': 97, 'time': 1615536001, 'Tref_0 [d.n.]': 36409, 'Theat_0 [d.n.]': 36482, 'growth sensor [d.n]': 39532, 'adc_bandgap [d.n.]': 43567, 'number of bits': 17, 'Air relative humidity [%]': 38, 'Air temperature [10*° C]': 185, 'g_z (mean)': -42, 'g_z (std.dev)': -11, 'g_y (mean)': 4092, 'g_y (std.dev)': 0, 'g_x (mean)': 0, 'g_x (std.dev)': 0, 'Tref_1': 36327, 'Theat_1': 25034, 'StWC': 50644, 'adc_Vbat': 70275}
2021-03-12 15:10:08.645340: +RX 22{'receiver': 1375928658, 'sender': 3254976792, 'packet_type': '42', 'comand': 110, 'time': 1615558264, 'sleep_intervall': 3600, 'unknown': 0, 'heating': 600, 'unknown2': 45, 'unknown3': 2}
2021-03-12 15:10:13.562377: +RX 64{'receiver': 3254976792, 'sender': 1375928658, 'packet_type': '49', 'packet_number': 98, 'time': 1615536001, 'AS7263_610': 200.4274139404297, 'AS7263_680': 228.96331787109375, 'AS7263_730': 185.05551147460938, 'AS7263_760': 179.91624450683594, 'AS7263_810': 159.0811767578125, 'AS7263_860': 150.22027587890625, 'AS7262_450': 355.198486328125, 'AS7262_500': 411.6659851074219, 'AS7262_550': 434.63470458984375, 'AS7262_570': 395.53167724609375, 'AS7262_600': 386.7666015625, 'AS7262_650': 314.94677734375, 'integration_time': 50, 'gain': 3}
2021-03-12 15:10:15.198539: +RX 16{'receiver': 1375928658, 'sender': 3254976792, 'packet_type': '4a', 'comand': 82, 'time': 1615558271, 'integration_time': 50, 'gain': 3}
2021-03-12 15:10:20.114873: +RX 60{'receiver': 3254976792, 'sender': 1375928658, 'packet_type': '4d', 'packet_number': 99, 'time': 1615539600, 'Tref_0 [d.n.]': 36237, 'Theat_0 [d.n.]': 36292, 'growth sensor [d.n]': 39534, 'adc_bandgap [d.n.]': 43586, 'number of bits': 17, 'Air relative humidity [%]': 38, 'Air temperature [10*° C]': 187, 'g_z (mean)': -42, 'g_z (std.dev)': -11, 'g_y (mean)': 4092, 'g_y (std.dev)': 0, 'g_x (mean)': 0, 'g_x (std.dev)': 0, 'Tref_1': 36066, 'Theat_1': 24367, 'StWC': 50635, 'adc_Vbat': 70272}
2021-03-12 15:10:22.368044: +RX 22{'receiver': 1375928658, 'sender': 3254976792, 'packet_type': '42', 'comand': 110, 'time': 1615558278, 'sleep_intervall': 3600, 'unknown': 0, 'heating': 600, 'unknown2': 45, 'unknown3': 2}
2021-03-12 15:10:27.283316: +RX 64{'receiver': 3254976792, 'sender': 1375928658, 'packet_type': '49', 'packet_number': 100, 'time': 1615539600, 'AS7263_610': 283.33001708984375, 'AS7263_680': 332.091796875, 'AS7263_730': 252.53488159179688, 'AS7263_760': 243.32614135742188, 'AS7263_810': 209.1221466064453, 'AS7263_860': 193.6719207763672, 'AS7262_450': 493.26287841796875, 'AS7262_500': 588.428466796875, 'AS7262_550': 612.625244140625, 'AS7262_570': 571.824951171875, 'AS7262_600': 538.7093505859375, 'AS7262_650': 447.82708740234375, 'integration_time': 50, 'gain': 3}
2021-03-12 15:10:29.125576: +RX 16{'receiver': 1375928658, 'sender': 3254976792, 'packet_type': '4a', 'comand': 82, 'time': 1615558285, 'integration_time': 50, 'gain': 3}
2021-03-12 16:10:05.407146: +RX 22{'receiver': 1375928658, 'sender': 3254976792, 'packet_type': '42', 'comand': 110, 'time': 1615561861, 'sleep_intervall': 3600, 'unknown': 0, 'heating': 600, 'unknown2': 45, 'unknown3': 2}
2021-03-12 16:10:10.114112: +RX 64{'receiver': 3254976792, 'sender': 1375928658, 'packet_type': '49', 'packet_number': 102, 'time': 1615543200, 'AS7263_610': 814.9100341796875, 'AS7263_680': 947.7159423828125, 'AS7263_730': 710.8345947265625, 'AS7263_760': 680.1084594726562, 'AS7263_810': 587.154052734375, 'AS7263_860': 543.1695556640625, 'AS7262_450': 1334.986572265625, 'AS7262_500': 1632.11279296875, 'AS7262_550': 1705.48046875, 'AS7262_570': 1586.3499755859375, 'AS7262_600': 1554.2559814453125, 'AS7262_650': 1326.3551025390625, 'integration_time': 50, 'gain': 3}
2021-03-12 16:10:11.957036: +RX 16{'receiver': 1375928658, 'sender': 3254976792, 'packet_type': '4a', 'comand': 82, 'time': 1615561868, 'integration_time': 50, 'gain': 3}
2021-03-12 16:10:16.874192: +RX 60{'receiver': 3254976792, 'sender': 1375928658, 'packet_type': '4d', 'packet_number': 103, 'time': 1615546800, 'Tref_0 [d.n.]': 35850, 'Theat_0 [d.n.]': 36020, 'growth sensor [d.n]': 39534, 'adc_bandgap [d.n.]': 43644, 'number of bits': 17, 'Air relative humidity [%]': 29, 'Air temperature [10*° C]': 235, 'g_z (mean)': -43, 'g_z (std.dev)': -11, 'g_y (mean)': 4090, 'g_y (std.dev)': 0, 'g_x (mean)': 0, 'g_x (std.dev)': 0, 'Tref_1': 35401, 'Theat_1': 24458, 'StWC': 50613, 'adc_Vbat': 70257}
2021-03-12 16:10:19.125444: +RX 22{'receiver': 1375928658, 'sender': 3254976792, 'packet_type': '42', 'comand': 110, 'time': 1615561874, 'sleep_intervall': 3600, 'unknown': 0, 'heating': 600, 'unknown2': 45, 'unknown3': 2}
2021-03-12 16:10:25.883450: +RX 16{'receiver': 1375928658, 'sender': 3254976792, 'packet_type': '4a', 'comand': 82, 'time': 1615561882, 'integration_time': 50, 'gain': 3}
